"","plot_txt","meas","year","burnp","lastp","burn_bin","num_f","cump_f","last_year","perc3y","time_f","strata","freq"
"1","os_001",1,1987,0,0,0,0,0,1973,0,14,"os",0
"2","os_001",3,1988,0,0,0,0,0,1973,0,15,"os",0
"3","os_001",3.5,1989,0,0,0,0,0,1973,0,16,"os",0
"4","os_001",4,1990,0,0,0,0,0,1973,0,17,"os",0
"5","os_001",5,1992,0,0,0,0,0,1973,0,19,"os",0
"6","os_001",6,1994,0,0,0,0,0,1973,0,21,"os",0
"7","os_001",7,1996,0,0,0,0,0,1973,0,23,"os",0
"8","os_001",7.5,1998,0,0,0,0,0,1973,0,25,"os",0
"9","os_001",8,2001,0,0,0,0,0,1973,0,28,"os",0
"10","os_001",9,2003,0,0,0,0,0,1973,0,30,"os",0
"11","os_001",11,2005,0,0,0,0,0,1973,0,32,"os",0
"12","os_001",13,2007,0,0,0,0,0,1973,0,34,"os",0
"13","os_001",13.5,2008,0,0,0,0,0,1973,0,35,"os",0
"14","os_001",15,2009,0,0,0,0,0,1973,0,36,"os",0
"15","os_001",16,2013,0,0,0,0,0,1973,0,40,"os",0
"16","os_002",1,1987,0,0,0,0,0,1973,0,14,"os",0
"17","os_002",3,1988,0,0,0,0,0,1973,0,15,"os",0
"18","os_002",3.5,1989,0,0,0,0,0,1973,0,16,"os",0
"19","os_002",4,1990,0,0,0,0,0,1973,0,17,"os",0
"20","os_002",5,1992,0,0,0,0,0,1973,0,19,"os",0
"21","os_002",6,1994,0,0,0,0,0,1973,0,21,"os",0
"22","os_002",7,1996,0,0,0,0,0,1973,0,23,"os",0
"23","os_002",7.5,1998,0,0,0,0,0,1973,0,25,"os",0
"24","os_002",8,2001,0,0,0,0,0,1973,0,28,"os",0
"25","os_002",9,2003,0,0,0,0,0,1973,0,30,"os",0
"26","os_002",11,2005,0,0,0,0,0,1973,0,32,"os",0
"27","os_002",13,2007,0,0,0,0,0,1973,0,34,"os",0
"28","os_002",13.5,2008,0,0,0,0,0,1973,0,35,"os",0
"29","os_002",15,2009,0,0,0,0,0,1973,0,36,"os",0
"30","os_002",16,2013,0,0,0,0,0,1973,0,40,"os",0
"31","os_003",1,1987,0,0,0,0,0,1973,0,14,"os",0
"32","os_003",3,1988,0,0,0,0,0,1973,0,15,"os",0
"33","os_003",3.5,1989,0,0,0,0,0,1973,0,16,"os",0
"34","os_003",4,1990,0,0,0,0,0,1973,0,17,"os",0
"35","os_003",5,1992,0,0,0,0,0,1973,0,19,"os",0
"36","os_003",6,1994,0,0,0,0,0,1973,0,21,"os",0
"37","os_003",7,1996,0,0,0,0,0,1973,0,23,"os",0
"38","os_003",7.5,1998,0,0,0,0,0,1973,0,25,"os",0
"39","os_003",8,2001,0,0,0,0,0,1973,0,28,"os",0
"40","os_003",9,2003,0,0,0,0,0,1973,0,30,"os",0
"41","os_003",11,2005,0,0,0,0,0,1973,0,32,"os",0
"42","os_003",13,2007,0,0,0,0,0,1973,0,34,"os",0
"43","os_003",13.5,2008,0,0,0,0,0,1973,0,35,"os",0
"44","os_003",15,2009,0,0,0,0,0,1973,0,36,"os",0
"45","os_003",16,2013,0,0,0,0,0,1973,0,40,"os",0
"46","os_004",1,1987,0,0,0,0,0,1973,0,14,"os",0
"47","os_004",3,1988,0,0,0,0,0,1973,0,15,"os",0
"48","os_004",3.5,1989,0,0,0,0,0,1973,0,16,"os",0
"49","os_004",4,1990,0,0,0,0,0,1973,0,17,"os",0
"50","os_004",5,1992,0,0,0,0,0,1973,0,19,"os",0
"51","os_004",6,1994,0,0,0,0,0,1973,0,21,"os",0
"52","os_004",7,1996,0,0,0,0,0,1973,0,23,"os",0
"53","os_004",7.5,1998,0,0,0,0,0,1973,0,25,"os",0
"54","os_004",8,2001,0,0,0,0,0,1973,0,28,"os",0
"55","os_004",9,2003,0,0,0,0,0,1973,0,30,"os",0
"56","os_004",11,2005,0,0,0,0,0,1973,0,32,"os",0
"57","os_004",13,2007,0,0,0,0,0,1973,0,34,"os",0
"58","os_004",13.5,2008,0,0,0,0,0,1973,0,35,"os",0
"59","os_004",15,2009,0,0,0,0,0,1973,0,36,"os",0
"60","os_004",16,2013,0,0,0,0,0,1973,0,40,"os",0
"61","os_005",1,1987,0,0,0,0,0,1973,0,14,"os",0
"62","os_005",3,1988,0,0,0,0,0,1973,0,15,"os",0
"63","os_005",3.5,1989,0,0,0,0,0,1973,0,16,"os",0
"64","os_005",4,1990,0,0,0,0,0,1973,0,17,"os",0
"65","os_005",5,1992,0,0,0,0,0,1973,0,19,"os",0
"66","os_005",6,1994,0,0,0,0,0,1973,0,21,"os",0
"67","os_005",7,1996,0,0,0,0,0,1973,0,23,"os",0
"68","os_005",7.5,1998,0,0,0,0,0,1973,0,25,"os",0
"69","os_005",8,2001,0,0,0,0,0,1973,0,28,"os",0
"70","os_005",9,2003,0,0,0,0,0,1973,0,30,"os",0
"71","os_005",11,2005,0,0,0,0,0,1973,0,32,"os",0
"72","os_005",13,2007,0,0,0,0,0,1973,0,34,"os",0
"73","os_005",13.5,2008,0,0,0,0,0,1973,0,35,"os",0
"74","os_005",15,2009,0,0,0,0,0,1973,0,36,"os",0
"75","os_005",16,2013,0,0,0,0,0,1973,0,40,"os",0
"76","os_006",1,1987,0,0,0,0,0,1973,0,14,"os",0
"77","os_006",3,1988,0,0,0,0,0,1973,0,15,"os",0
"78","os_006",3.5,1989,0,0,0,0,0,1973,0,16,"os",0
"79","os_006",4,1990,0,0,0,0,0,1973,0,17,"os",0
"80","os_006",5,1992,0,0,0,0,0,1973,0,19,"os",0
"81","os_006",6,1994,0,0,0,0,0,1973,0,21,"os",0
"82","os_006",7,1996,0,0,0,0,0,1973,0,23,"os",0
"83","os_006",7.5,1998,0,0,0,0,0,1973,0,25,"os",0
"84","os_006",8,2001,0,0,0,0,0,1973,0,28,"os",0
"85","os_006",9,2003,0,0,0,0,0,1973,0,30,"os",0
"86","os_006",11,2005,0,0,0,0,0,1973,0,32,"os",0
"87","os_006",13,2007,0,0,0,0,0,1973,0,34,"os",0
"88","os_006",13.5,2008,0,0,0,0,0,1973,0,35,"os",0
"89","os_006",15,2009,0,0,0,0,0,1973,0,36,"os",0
"90","os_006",16,2013,0,0,0,0,0,1973,0,40,"os",0
"91","os_007",1,1987,0,0,0,0,0,1973,0,14,"os",0
"92","os_007",3,1988,40,0,1,1,40,1988,40,0,"os",0.4
"93","os_007",3.5,1989,0,40,0,1,40,1988,40,1,"os",0.4
"94","os_007",4,1990,10,0,0,1,50,1988,50,2,"os",0.5
"95","os_007",5,1992,0,10,0,1,50,1988,10,4,"os",0.5
"96","os_007",6,1994,30,0,1,2,80,1994,30,0,"os",0.8
"97","os_007",7,1996,0,30,0,2,80,1994,30,2,"os",0.8
"98","os_007",7.5,1998,0,0,0,2,80,1994,0,4,"os",0.8
"99","os_007",8,2001,50,0,1,3,130,2001,50,0,"os",1.3
"100","os_007",9,2003,40,50,1,4,170,2003,90,0,"os",1.7
"101","os_007",11,2005,0,40,0,4,170,2003,40,2,"os",1.7
"102","os_007",13,2007,40,0,1,5,210,2007,40,0,"os",2.1
"103","os_007",13.5,2008,0,40,0,5,210,2007,40,1,"os",2.1
"104","os_007",15,2009,90,0,1,6,300,2009,130,0,"os",3
"105","os_007",16,2013,0,90,0,6,300,2009,0,4,"os",3
"106","os_008",1,1987,0,0,0,0,0,1973,0,14,"os",0
"107","os_008",3,1988,30,0,1,1,30,1988,30,0,"os",0.3
"108","os_008",3.5,1989,0,30,0,1,30,1988,30,1,"os",0.3
"109","os_008",4,1990,0,0,0,1,30,1988,30,2,"os",0.3
"110","os_008",5,1992,0,0,0,1,30,1988,0,4,"os",0.3
"111","os_008",6,1994,0,0,0,1,30,1988,0,6,"os",0.3
"112","os_008",7,1996,0,0,0,1,30,1988,0,8,"os",0.3
"113","os_008",7.5,1998,0,0,0,1,30,1988,0,10,"os",0.3
"114","os_008",8,2001,0,0,0,1,30,1988,0,13,"os",0.3
"115","os_008",9,2003,100,0,1,2,130,2003,100,0,"os",1.3
"116","os_008",11,2005,0,100,0,2,130,2003,100,2,"os",1.3
"117","os_008",13,2007,40,0,1,3,170,2007,40,0,"os",1.7
"118","os_008",13.5,2008,0,40,0,3,170,2007,40,1,"os",1.7
"119","os_008",15,2009,0,0,0,3,170,2007,40,2,"os",1.7
"120","os_008",16,2013,0,0,0,3,170,2007,0,6,"os",1.7
"121","os_009",1,1987,0,0,0,0,0,1973,0,14,"os",0
"122","os_009",3,1988,70,0,1,1,70,1988,70,0,"os",0.7
"123","os_009",3.5,1989,0,70,0,1,70,1988,70,1,"os",0.7
"124","os_009",4,1990,0,0,0,1,70,1988,70,2,"os",0.7
"125","os_009",5,1992,0,0,0,1,70,1988,0,4,"os",0.7
"126","os_009",6,1994,20,0,1,2,90,1994,20,0,"os",0.9
"127","os_009",7,1996,0,20,0,2,90,1994,20,2,"os",0.9
"128","os_009",7.5,1998,0,0,0,2,90,1994,0,4,"os",0.9
"129","os_009",8,2001,30,0,1,3,120,2001,30,0,"os",1.2
"130","os_009",9,2003,50,30,1,4,170,2003,80,0,"os",1.7
"131","os_009",11,2005,0,50,0,4,170,2003,50,2,"os",1.7
"132","os_009",13,2007,0,0,0,4,170,2003,0,4,"os",1.7
"133","os_009",13.5,2008,0,0,0,4,170,2003,0,5,"os",1.7
"134","os_009",15,2009,100,0,1,5,270,2009,100,0,"os",2.7
"135","os_009",16,2013,0,100,0,5,270,2009,0,4,"os",2.7
"136","os_010",1,1987,0,0,0,0,0,1973,0,14,"os",0
"137","os_010",3,1988,0,0,0,0,0,1973,0,15,"os",0
"138","os_010",3.5,1989,0,0,0,0,0,1973,0,16,"os",0
"139","os_010",4,1990,0,0,0,0,0,1973,0,17,"os",0
"140","os_010",5,1992,0,0,0,0,0,1973,0,19,"os",0
"141","os_010",6,1994,0,0,0,0,0,1973,0,21,"os",0
"142","os_010",7,1996,0,0,0,0,0,1973,0,23,"os",0
"143","os_010",7.5,1998,0,0,0,0,0,1973,0,25,"os",0
"144","os_010",8,2001,0,0,0,0,0,1973,0,28,"os",0
"145","os_010",9,2003,0,0,0,0,0,1973,0,30,"os",0
"146","os_010",11,2005,0,0,0,0,0,1973,0,32,"os",0
"147","os_010",13,2007,0,0,0,0,0,1973,0,34,"os",0
"148","os_010",13.5,2008,0,0,0,0,0,1973,0,35,"os",0
"149","os_010",15,2009,0,0,0,0,0,1973,0,36,"os",0
"150","os_010",16,2013,0,0,0,0,0,1973,0,40,"os",0
"151","os_011",1,1987,0,0,0,0,0,1973,0,14,"os",0
"152","os_011",3,1988,30,0,1,1,30,1988,30,0,"os",0.3
"153","os_011",3.5,1989,0,30,0,1,30,1988,30,1,"os",0.3
"154","os_011",4,1990,10,0,0,1,40,1988,40,2,"os",0.4
"155","os_011",5,1992,0,10,0,1,40,1988,10,4,"os",0.4
"156","os_011",6,1994,0,0,0,1,40,1988,0,6,"os",0.4
"157","os_011",7,1996,0,0,0,1,40,1988,0,8,"os",0.4
"158","os_011",7.5,1998,0,0,0,1,40,1988,0,10,"os",0.4
"159","os_011",8,2001,0,0,0,1,40,1988,0,13,"os",0.4
"160","os_011",9,2003,0,0,0,1,40,1988,0,15,"os",0.4
"161","os_011",11,2005,40,0,1,2,80,2005,40,0,"os",0.8
"162","os_011",13,2007,0,40,0,2,80,2005,40,2,"os",0.8
"163","os_011",13.5,2008,0,0,0,2,80,2005,40,3,"os",0.8
"164","os_011",15,2009,10,0,0,2,90,2005,10,4,"os",0.9
"165","os_011",16,2013,0,10,0,2,90,2005,0,8,"os",0.9
"166","os_012",1,1987,0,0,0,0,0,1973,0,14,"os",0
"167","os_012",3,1988,60,0,1,1,60,1988,60,0,"os",0.6
"168","os_012",3.5,1989,0,60,0,1,60,1988,60,1,"os",0.6
"169","os_012",4,1990,0,0,0,1,60,1988,60,2,"os",0.6
"170","os_012",5,1992,0,0,0,1,60,1988,0,4,"os",0.6
"171","os_012",6,1994,0,0,0,1,60,1988,0,6,"os",0.6
"172","os_012",7,1996,0,0,0,1,60,1988,0,8,"os",0.6
"173","os_012",7.5,1998,0,0,0,1,60,1988,0,10,"os",0.6
"174","os_012",8,2001,0,0,0,1,60,1988,0,13,"os",0.6
"175","os_012",9,2003,0,0,0,1,60,1988,0,15,"os",0.6
"176","os_012",11,2005,0,0,0,1,60,1988,0,17,"os",0.6
"177","os_012",13,2007,0,0,0,1,60,1988,0,19,"os",0.6
"178","os_012",13.5,2008,0,0,0,1,60,1988,0,20,"os",0.6
"179","os_012",15,2009,50,0,1,2,110,2009,50,0,"os",1.1
"180","os_012",16,2013,0,50,0,2,110,2009,0,4,"os",1.1
"181","os_013",1,1987,0,0,0,0,0,1973,0,14,"os",0
"182","os_013",3,1988,50,0,1,1,50,1988,50,0,"os",0.5
"183","os_013",3.5,1989,0,50,0,1,50,1988,50,1,"os",0.5
"184","os_013",4,1990,0,0,0,1,50,1988,50,2,"os",0.5
"185","os_013",5,1992,0,0,0,1,50,1988,0,4,"os",0.5
"186","os_013",6,1994,0,0,0,1,50,1988,0,6,"os",0.5
"187","os_013",7,1996,0,0,0,1,50,1988,0,8,"os",0.5
"188","os_013",7.5,1998,0,0,0,1,50,1988,0,10,"os",0.5
"189","os_013",8,2001,100,0,1,2,150,2001,100,0,"os",1.5
"190","os_013",9,2003,0,100,0,2,150,2001,100,2,"os",1.5
"191","os_013",11,2005,0,0,0,2,150,2001,0,4,"os",1.5
"192","os_013",13,2007,0,0,0,2,150,2001,0,6,"os",1.5
"193","os_013",13.5,2008,0,0,0,2,150,2001,0,7,"os",1.5
"194","os_013",15,2009,0,0,0,2,150,2001,0,8,"os",1.5
"195","os_013",16,2013,0,0,0,2,150,2001,0,12,"os",1.5
"196","os_014",1,1987,0,0,0,0,0,1973,0,14,"os",0
"197","os_014",3,1988,70,0,1,1,70,1988,70,0,"os",0.7
"198","os_014",3.5,1989,0,70,0,1,70,1988,70,1,"os",0.7
"199","os_014",4,1990,0,0,0,1,70,1988,70,2,"os",0.7
"200","os_014",5,1992,0,0,0,1,70,1988,0,4,"os",0.7
"201","os_014",6,1994,90,0,1,2,160,1994,90,0,"os",1.6
"202","os_014",7,1996,0,90,0,2,160,1994,90,2,"os",1.6
"203","os_014",7.5,1998,0,0,0,2,160,1994,0,4,"os",1.6
"204","os_014",8,2001,100,0,1,3,260,2001,100,0,"os",2.6
"205","os_014",9,2003,0,100,0,3,260,2001,100,2,"os",2.6
"206","os_014",11,2005,0,0,0,3,260,2001,0,4,"os",2.6
"207","os_014",13,2007,0,0,0,3,260,2001,0,6,"os",2.6
"208","os_014",13.5,2008,0,0,0,3,260,2001,0,7,"os",2.6
"209","os_014",15,2009,0,0,0,3,260,2001,0,8,"os",2.6
"210","os_014",16,2013,0,0,0,3,260,2001,0,12,"os",2.6
"211","os_015",1,1987,0,0,0,0,0,1973,0,14,"os",0
"212","os_015",3,1988,60,0,1,1,60,1988,60,0,"os",0.6
"213","os_015",3.5,1989,0,60,0,1,60,1988,60,1,"os",0.6
"214","os_015",4,1990,20,0,1,2,80,1990,80,0,"os",0.8
"215","os_015",5,1992,0,20,0,2,80,1990,20,2,"os",0.8
"216","os_015",6,1994,30,0,1,3,110,1994,30,0,"os",1.1
"217","os_015",7,1996,0,30,0,3,110,1994,30,2,"os",1.1
"218","os_015",7.5,1998,0,0,0,3,110,1994,0,4,"os",1.1
"219","os_015",8,2001,50,0,1,4,160,2001,50,0,"os",1.6
"220","os_015",9,2003,30,50,1,5,190,2003,80,0,"os",1.9
"221","os_015",11,2005,60,30,1,6,250,2005,90,0,"os",2.5
"222","os_015",13,2007,0,60,0,6,250,2005,60,2,"os",2.5
"223","os_015",13.5,2008,0,0,0,6,250,2005,60,3,"os",2.5
"224","os_015",15,2009,50,0,1,7,300,2009,50,0,"os",3
"225","os_015",16,2013,0,50,0,7,300,2009,0,4,"os",3
"226","os_016",1,1987,0,0,0,0,0,1973,0,14,"os",0
"227","os_016",3,1988,20,0,1,1,20,1988,20,0,"os",0.2
"228","os_016",3.5,1989,0,20,0,1,20,1988,20,1,"os",0.2
"229","os_016",4,1990,0,0,0,1,20,1988,20,2,"os",0.2
"230","os_016",5,1992,0,0,0,1,20,1988,0,4,"os",0.2
"231","os_016",6,1994,50,0,1,2,70,1994,50,0,"os",0.7
"232","os_016",7,1996,0,50,0,2,70,1994,50,2,"os",0.7
"233","os_016",7.5,1998,0,0,0,2,70,1994,0,4,"os",0.7
"234","os_016",8,2001,0,0,0,2,70,1994,0,7,"os",0.7
"235","os_016",9,2003,30,0,1,3,100,2003,30,0,"os",1
"236","os_016",11,2005,0,30,0,3,100,2003,30,2,"os",1
"237","os_016",13,2007,0,0,0,3,100,2003,0,4,"os",1
"238","os_016",13.5,2008,0,0,0,3,100,2003,0,5,"os",1
"239","os_016",15,2009,70,0,1,4,170,2009,70,0,"os",1.7
"240","os_016",16,2013,0,70,0,4,170,2009,0,4,"os",1.7
"241","os_017",1,1987,0,0,0,0,0,1973,0,14,"os",0
"242","os_017",3,1988,90,0,1,1,90,1988,90,0,"os",0.9
"243","os_017",3.5,1989,0,90,0,1,90,1988,90,1,"os",0.9
"244","os_017",4,1990,0,0,0,1,90,1988,90,2,"os",0.9
"245","os_017",5,1992,0,0,0,1,90,1988,0,4,"os",0.9
"246","os_017",6,1994,100,0,1,2,190,1994,100,0,"os",1.9
"247","os_017",7,1996,0,100,0,2,190,1994,100,2,"os",1.9
"248","os_017",7.5,1998,0,0,0,2,190,1994,0,4,"os",1.9
"249","os_017",8,2001,0,0,0,2,190,1994,0,7,"os",1.9
"250","os_017",9,2003,0,0,0,2,190,1994,0,9,"os",1.9
"251","os_017",11,2005,0,0,0,2,190,1994,0,11,"os",1.9
"252","os_017",13,2007,0,0,0,2,190,1994,0,13,"os",1.9
"253","os_017",13.5,2008,0,0,0,2,190,1994,0,14,"os",1.9
"254","os_017",15,2009,100,0,1,3,290,2009,100,0,"os",2.9
"255","os_017",16,2013,0,100,0,3,290,2009,0,4,"os",2.9
"256","os_018",1,1987,0,0,0,0,0,1973,0,14,"os",0
"257","os_018",3,1988,40,0,1,1,40,1988,40,0,"os",0.4
"258","os_018",3.5,1989,0,40,0,1,40,1988,40,1,"os",0.4
"259","os_018",4,1990,0,0,0,1,40,1988,40,2,"os",0.4
"260","os_018",5,1992,0,0,0,1,40,1988,0,4,"os",0.4
"261","os_018",6,1994,60,0,1,2,100,1994,60,0,"os",1
"262","os_018",7,1996,0,60,0,2,100,1994,60,2,"os",1
"263","os_018",7.5,1998,0,0,0,2,100,1994,0,4,"os",1
"264","os_018",8,2001,100,0,1,3,200,2001,100,0,"os",2
"265","os_018",9,2003,0,100,0,3,200,2001,100,2,"os",2
"266","os_018",11,2005,30,0,1,4,230,2005,30,0,"os",2.3
"267","os_018",13,2007,30,30,1,5,260,2007,60,0,"os",2.6
"268","os_018",13.5,2008,0,30,0,5,260,2007,60,1,"os",2.6
"269","os_018",15,2009,30,0,1,6,290,2009,60,0,"os",2.9
"270","os_018",16,2013,0,30,0,6,290,2009,0,4,"os",2.9
"271","os_019",1,1987,0,0,0,0,0,1973,0,14,"os",0
"272","os_019",3,1988,100,0,1,1,100,1988,100,0,"os",1
"273","os_019",3.5,1989,0,100,0,1,100,1988,100,1,"os",1
"274","os_019",4,1990,0,0,0,1,100,1988,100,2,"os",1
"275","os_019",5,1992,0,0,0,1,100,1988,0,4,"os",1
"276","os_019",6,1994,0,0,0,1,100,1988,0,6,"os",1
"277","os_019",7,1996,0,0,0,1,100,1988,0,8,"os",1
"278","os_019",7.5,1998,0,0,0,1,100,1988,0,10,"os",1
"279","os_019",8,2001,70,0,1,2,170,2001,70,0,"os",1.7
"280","os_019",9,2003,0,70,0,2,170,2001,70,2,"os",1.7
"281","os_019",11,2005,90,0,1,3,260,2005,90,0,"os",2.6
"282","os_019",13,2007,0,90,0,3,260,2005,90,2,"os",2.6
"283","os_019",13.5,2008,0,0,0,3,260,2005,90,3,"os",2.6
"284","os_019",15,2009,100,0,1,4,360,2009,100,0,"os",3.6
"285","os_019",16,2013,0,100,0,4,360,2009,0,4,"os",3.6
"286","os_020",1,1987,0,0,0,0,0,1973,0,14,"os",0
"287","os_020",3,1988,20,0,1,1,20,1988,20,0,"os",0.2
"288","os_020",3.5,1989,0,20,0,1,20,1988,20,1,"os",0.2
"289","os_020",4,1990,0,0,0,1,20,1988,20,2,"os",0.2
"290","os_020",5,1992,0,0,0,1,20,1988,0,4,"os",0.2
"291","os_020",6,1994,0,0,0,1,20,1988,0,6,"os",0.2
"292","os_020",7,1996,0,0,0,1,20,1988,0,8,"os",0.2
"293","os_020",7.5,1998,0,0,0,1,20,1988,0,10,"os",0.2
"294","os_020",8,2001,0,0,0,1,20,1988,0,13,"os",0.2
"295","os_020",9,2003,0,0,0,1,20,1988,0,15,"os",0.2
"296","os_020",11,2005,30,0,1,2,50,2005,30,0,"os",0.5
"297","os_020",13,2007,0,30,0,2,50,2005,30,2,"os",0.5
"298","os_020",13.5,2008,0,0,0,2,50,2005,30,3,"os",0.5
"299","os_020",15,2009,80,0,1,3,130,2009,80,0,"os",1.3
"300","os_020",16,2013,0,80,0,3,130,2009,0,4,"os",1.3
"301","os_021",1,1987,0,0,0,0,0,1973,0,14,"os",0
"302","os_021",3,1988,60,0,1,1,60,1988,60,0,"os",0.6
"303","os_021",3.5,1989,0,60,0,1,60,1988,60,1,"os",0.6
"304","os_021",4,1990,0,0,0,1,60,1988,60,2,"os",0.6
"305","os_021",5,1992,0,0,0,1,60,1988,0,4,"os",0.6
"306","os_021",6,1994,0,0,0,1,60,1988,0,6,"os",0.6
"307","os_021",7,1996,0,0,0,1,60,1988,0,8,"os",0.6
"308","os_021",7.5,1998,0,0,0,1,60,1988,0,10,"os",0.6
"309","os_021",8,2001,70,0,1,2,130,2001,70,0,"os",1.3
"310","os_021",9,2003,0,70,0,2,130,2001,70,2,"os",1.3
"311","os_021",11,2005,80,0,1,3,210,2005,80,0,"os",2.1
"312","os_021",13,2007,0,80,0,3,210,2005,80,2,"os",2.1
"313","os_021",13.5,2008,0,0,0,3,210,2005,80,3,"os",2.1
"314","os_021",15,2009,70,0,1,4,280,2009,70,0,"os",2.8
"315","os_021",16,2013,0,70,0,4,280,2009,0,4,"os",2.8
"316","os_022",1,1987,0,0,0,0,0,1973,0,14,"os",0
"317","os_022",3,1988,0,0,0,0,0,1973,0,15,"os",0
"318","os_022",3.5,1989,0,0,0,0,0,1973,0,16,"os",0
"319","os_022",4,1990,0,0,0,0,0,1973,0,17,"os",0
"320","os_022",5,1992,0,0,0,0,0,1973,0,19,"os",0
"321","os_022",6,1994,0,0,0,0,0,1973,0,21,"os",0
"322","os_022",7,1996,0,0,0,0,0,1973,0,23,"os",0
"323","os_022",7.5,1998,0,0,0,0,0,1973,0,25,"os",0
"324","os_022",8,2001,0,0,0,0,0,1973,0,28,"os",0
"325","os_022",9,2003,0,0,0,0,0,1973,0,30,"os",0
"326","os_022",11,2005,0,0,0,0,0,1973,0,32,"os",0
"327","os_022",13,2007,0,0,0,0,0,1973,0,34,"os",0
"328","os_022",13.5,2008,0,0,0,0,0,1973,0,35,"os",0
"329","os_022",15,2009,70,0,1,1,70,2009,70,0,"os",0.7
"330","os_022",16,2013,0,70,0,1,70,2009,0,4,"os",0.7
"331","os_023",1,1987,0,0,0,0,0,1973,0,14,"os",0
"332","os_023",3,1988,0,0,0,0,0,1973,0,15,"os",0
"333","os_023",3.5,1989,0,0,0,0,0,1973,0,16,"os",0
"334","os_023",4,1990,0,0,0,0,0,1973,0,17,"os",0
"335","os_023",5,1992,0,0,0,0,0,1973,0,19,"os",0
"336","os_023",6,1994,0,0,0,0,0,1973,0,21,"os",0
"337","os_023",7,1996,0,0,0,0,0,1973,0,23,"os",0
"338","os_023",7.5,1998,0,0,0,0,0,1973,0,25,"os",0
"339","os_023",8,2001,0,0,0,0,0,1973,0,28,"os",0
"340","os_023",9,2003,0,0,0,0,0,1973,0,30,"os",0
"341","os_023",11,2005,0,0,0,0,0,1973,0,32,"os",0
"342","os_023",13,2007,0,0,0,0,0,1973,0,34,"os",0
"343","os_023",13.5,2008,0,0,0,0,0,1973,0,35,"os",0
"344","os_023",15,2009,60,0,1,1,60,2009,60,0,"os",0.6
"345","os_023",16,2013,0,60,0,1,60,2009,0,4,"os",0.6
"346","os_024",1,1987,0,0,0,0,0,1973,0,14,"os",0
"347","os_024",3,1988,0,0,0,0,0,1973,0,15,"os",0
"348","os_024",3.5,1989,0,0,0,0,0,1973,0,16,"os",0
"349","os_024",4,1990,0,0,0,0,0,1973,0,17,"os",0
"350","os_024",5,1992,0,0,0,0,0,1973,0,19,"os",0
"351","os_024",6,1994,0,0,0,0,0,1973,0,21,"os",0
"352","os_024",7,1996,0,0,0,0,0,1973,0,23,"os",0
"353","os_024",7.5,1998,0,0,0,0,0,1973,0,25,"os",0
"354","os_024",8,2001,0,0,0,0,0,1973,0,28,"os",0
"355","os_024",9,2003,0,0,0,0,0,1973,0,30,"os",0
"356","os_024",11,2005,40,0,1,1,40,2005,40,0,"os",0.4
"357","os_024",13,2007,0,40,0,1,40,2005,40,2,"os",0.4
"358","os_024",13.5,2008,0,0,0,1,40,2005,40,3,"os",0.4
"359","os_024",15,2009,50,0,1,2,90,2009,50,0,"os",0.9
"360","os_024",16,2013,0,50,0,2,90,2009,0,4,"os",0.9
"361","os_025",1,1987,0,0,0,0,0,1973,0,14,"os",0
"362","os_025",3,1988,0,0,0,0,0,1973,0,15,"os",0
"363","os_025",3.5,1989,0,0,0,0,0,1973,0,16,"os",0
"364","os_025",4,1990,0,0,0,0,0,1973,0,17,"os",0
"365","os_025",5,1992,0,0,0,0,0,1973,0,19,"os",0
"366","os_025",6,1994,0,0,0,0,0,1973,0,21,"os",0
"367","os_025",7,1996,0,0,0,0,0,1973,0,23,"os",0
"368","os_025",7.5,1998,0,0,0,0,0,1973,0,25,"os",0
"369","os_025",8,2001,0,0,0,0,0,1973,0,28,"os",0
"370","os_025",9,2003,0,0,0,0,0,1973,0,30,"os",0
"371","os_025",11,2005,0,0,0,0,0,1973,0,32,"os",0
"372","os_025",13,2007,0,0,0,0,0,1973,0,34,"os",0
"373","os_025",13.5,2008,0,0,0,0,0,1973,0,35,"os",0
"374","os_025",15,2009,0,0,0,0,0,1973,0,36,"os",0
"375","os_025",16,2013,0,0,0,0,0,1973,0,40,"os",0
"376","os_026",1,1987,0,0,0,0,0,1973,0,14,"os",0
"377","os_026",3,1988,0,0,0,0,0,1973,0,15,"os",0
"378","os_026",3.5,1989,0,0,0,0,0,1973,0,16,"os",0
"379","os_026",4,1990,40,0,1,1,40,1990,40,0,"os",0.4
"380","os_026",5,1992,40,40,1,2,80,1992,80,0,"os",0.8
"381","os_026",6,1994,0,40,0,2,80,1992,40,2,"os",0.8
"382","os_026",7,1996,0,0,0,2,80,1992,0,4,"os",0.8
"383","os_026",7.5,1998,0,0,0,2,80,1992,0,6,"os",0.8
"384","os_026",8,2001,0,0,0,2,80,1992,0,9,"os",0.8
"385","os_026",9,2003,0,0,0,2,80,1992,0,11,"os",0.8
"386","os_026",11,2005,0,0,0,2,80,1992,0,13,"os",0.8
"387","os_026",13,2007,70,0,1,3,150,2007,70,0,"os",1.5
"388","os_026",13.5,2008,0,70,0,3,150,2007,70,1,"os",1.5
"389","os_026",15,2009,70,0,1,4,220,2009,140,0,"os",2.2
"390","os_026",16,2013,0,70,0,4,220,2009,0,4,"os",2.2
"391","os_027",1,1987,0,0,0,0,0,1973,0,14,"os",0
"392","os_027",3,1988,0,0,0,0,0,1973,0,15,"os",0
"393","os_027",3.5,1989,0,0,0,0,0,1973,0,16,"os",0
"394","os_027",4,1990,60,0,1,1,60,1990,60,0,"os",0.6
"395","os_027",5,1992,30,60,1,2,90,1992,90,0,"os",0.9
"396","os_027",6,1994,0,30,0,2,90,1992,30,2,"os",0.9
"397","os_027",7,1996,0,0,0,2,90,1992,0,4,"os",0.9
"398","os_027",7.5,1998,0,0,0,2,90,1992,0,6,"os",0.9
"399","os_027",8,2001,80,0,1,3,170,2001,80,0,"os",1.7
"400","os_027",9,2003,40,80,1,4,210,2003,120,0,"os",2.1
"401","os_027",11,2005,0,40,0,4,210,2003,40,2,"os",2.1
"402","os_027",13,2007,0,0,0,4,210,2003,0,4,"os",2.1
"403","os_027",13.5,2008,0,0,0,4,210,2003,0,5,"os",2.1
"404","os_027",15,2009,90,0,1,5,300,2009,90,0,"os",3
"405","os_027",16,2013,0,90,0,5,300,2009,0,4,"os",3
"406","os_028",1,1987,0,0,0,0,0,1973,0,14,"os",0
"407","os_028",3,1988,0,0,0,0,0,1973,0,15,"os",0
"408","os_028",3.5,1989,0,0,0,0,0,1973,0,16,"os",0
"409","os_028",4,1990,20,0,1,1,20,1990,20,0,"os",0.2
"410","os_028",5,1992,60,20,1,2,80,1992,80,0,"os",0.8
"411","os_028",6,1994,0,60,0,2,80,1992,60,2,"os",0.8
"412","os_028",7,1996,0,0,0,2,80,1992,0,4,"os",0.8
"413","os_028",7.5,1998,40,0,1,3,120,1998,40,0,"os",1.2
"414","os_028",8,2001,0,40,0,3,120,1998,40,3,"os",1.2
"415","os_028",9,2003,10,0,0,3,130,1998,10,5,"os",1.3
"416","os_028",11,2005,0,10,0,3,130,1998,10,7,"os",1.3
"417","os_028",13,2007,0,0,0,3,130,1998,0,9,"os",1.3
"418","os_028",13.5,2008,0,0,0,3,130,1998,0,10,"os",1.3
"419","os_028",15,2009,100,0,1,4,230,2009,100,0,"os",2.3
"420","os_028",16,2013,0,100,0,4,230,2009,0,4,"os",2.3
"421","os_029",1,1987,0,0,0,0,0,1973,0,14,"os",0
"422","os_029",3,1988,0,0,0,0,0,1973,0,15,"os",0
"423","os_029",3.5,1989,0,0,0,0,0,1973,0,16,"os",0
"424","os_029",4,1990,40,0,1,1,40,1990,40,0,"os",0.4
"425","os_029",5,1992,0,40,0,1,40,1990,40,2,"os",0.4
"426","os_029",6,1994,0,0,0,1,40,1990,0,4,"os",0.4
"427","os_029",7,1996,0,0,0,1,40,1990,0,6,"os",0.4
"428","os_029",7.5,1998,0,0,0,1,40,1990,0,8,"os",0.4
"429","os_029",8,2001,0,0,0,1,40,1990,0,11,"os",0.4
"430","os_029",9,2003,0,0,0,1,40,1990,0,13,"os",0.4
"431","os_029",11,2005,0,0,0,1,40,1990,0,15,"os",0.4
"432","os_029",13,2007,0,0,0,1,40,1990,0,17,"os",0.4
"433","os_029",13.5,2008,0,0,0,1,40,1990,0,18,"os",0.4
"434","os_029",15,2009,100,0,1,2,140,2009,100,0,"os",1.4
"435","os_029",16,2013,0,100,0,2,140,2009,0,4,"os",1.4
"436","os_030",1,1987,0,0,0,0,0,1973,0,14,"os",0
"437","os_030",3,1988,0,0,0,0,0,1973,0,15,"os",0
"438","os_030",3.5,1989,0,0,0,0,0,1973,0,16,"os",0
"439","os_030",4,1990,0,0,0,0,0,1973,0,17,"os",0
"440","os_030",5,1992,10,0,0,0,10,1973,10,19,"os",0.1
"441","os_030",6,1994,0,10,0,0,10,1973,10,21,"os",0.1
"442","os_030",7,1996,0,0,0,0,10,1973,0,23,"os",0.1
"443","os_030",7.5,1998,0,0,0,0,10,1973,0,25,"os",0.1
"444","os_030",8,2001,0,0,0,0,10,1973,0,28,"os",0.1
"445","os_030",9,2003,0,0,0,0,10,1973,0,30,"os",0.1
"446","os_030",11,2005,0,0,0,0,10,1973,0,32,"os",0.1
"447","os_030",13,2007,0,0,0,0,10,1973,0,34,"os",0.1
"448","os_030",13.5,2008,0,0,0,0,10,1973,0,35,"os",0.1
"449","os_030",15,2009,90,0,1,1,100,2009,90,0,"os",1
"450","os_030",16,2013,0,90,0,1,100,2009,0,4,"os",1
"451","os_031",1,1987,0,0,0,0,0,1973,0,14,"os",0
"452","os_031",3,1988,60,0,1,1,60,1988,60,0,"os",0.6
"453","os_031",3.5,1989,0,60,0,1,60,1988,60,1,"os",0.6
"454","os_031",4,1990,0,0,0,1,60,1988,60,2,"os",0.6
"455","os_031",5,1992,0,0,0,1,60,1988,0,4,"os",0.6
"456","os_031",6,1994,0,0,0,1,60,1988,0,6,"os",0.6
"457","os_031",7,1996,0,0,0,1,60,1988,0,8,"os",0.6
"458","os_031",7.5,1998,0,0,0,1,60,1988,0,10,"os",0.6
"459","os_031",8,2001,20,0,1,2,80,2001,20,0,"os",0.8
"460","os_031",9,2003,0,20,0,2,80,2001,20,2,"os",0.8
"461","os_031",11,2005,0,0,0,2,80,2001,0,4,"os",0.8
"462","os_031",13,2007,0,0,0,2,80,2001,0,6,"os",0.8
"463","os_031",13.5,2008,0,0,0,2,80,2001,0,7,"os",0.8
"464","os_031",15,2009,80,0,1,3,160,2009,80,0,"os",1.6
"465","os_031",16,2013,0,80,0,3,160,2009,0,4,"os",1.6
"466","os_032",1,1987,0,0,0,0,0,1973,0,14,"os",0
"467","os_032",3,1988,10,0,0,0,10,1973,10,15,"os",0.1
"468","os_032",3.5,1989,0,10,0,0,10,1973,10,16,"os",0.1
"469","os_032",4,1990,0,0,0,0,10,1973,10,17,"os",0.1
"470","os_032",5,1992,0,0,0,0,10,1973,0,19,"os",0.1
"471","os_032",6,1994,0,0,0,0,10,1973,0,21,"os",0.1
"472","os_032",7,1996,0,0,0,0,10,1973,0,23,"os",0.1
"473","os_032",7.5,1998,0,0,0,0,10,1973,0,25,"os",0.1
"474","os_032",8,2001,50,0,1,1,60,2001,50,0,"os",0.6
"475","os_032",9,2003,0,50,0,1,60,2001,50,2,"os",0.6
"476","os_032",11,2005,30,0,1,2,90,2005,30,0,"os",0.9
"477","os_032",13,2007,0,30,0,2,90,2005,30,2,"os",0.9
"478","os_032",13.5,2008,0,0,0,2,90,2005,30,3,"os",0.9
"479","os_032",15,2009,70,0,1,3,160,2009,70,0,"os",1.6
"480","os_032",16,2013,0,70,0,3,160,2009,0,4,"os",1.6
"481","os_033",1,1987,0,0,0,0,0,1973,0,14,"os",0
"482","os_033",3,1988,10,0,0,0,10,1973,10,15,"os",0.1
"483","os_033",3.5,1989,0,10,0,0,10,1973,10,16,"os",0.1
"484","os_033",4,1990,0,0,0,0,10,1973,10,17,"os",0.1
"485","os_033",5,1992,0,0,0,0,10,1973,0,19,"os",0.1
"486","os_033",6,1994,0,0,0,0,10,1973,0,21,"os",0.1
"487","os_033",7,1996,0,0,0,0,10,1973,0,23,"os",0.1
"488","os_033",7.5,1998,0,0,0,0,10,1973,0,25,"os",0.1
"489","os_033",8,2001,0,0,0,0,10,1973,0,28,"os",0.1
"490","os_033",9,2003,0,0,0,0,10,1973,0,30,"os",0.1
"491","os_033",11,2005,0,0,0,0,10,1973,0,32,"os",0.1
"492","os_033",13,2007,0,0,0,0,10,1973,0,34,"os",0.1
"493","os_033",13.5,2008,0,0,0,0,10,1973,0,35,"os",0.1
"494","os_033",15,2009,50,0,1,1,60,2009,50,0,"os",0.6
"495","os_033",16,2013,0,50,0,1,60,2009,0,4,"os",0.6
"496","os_034",1,1987,0,0,0,0,0,1973,0,14,"os",0
"497","os_034",3,1988,50,0,1,1,50,1988,50,0,"os",0.5
"498","os_034",3.5,1989,0,50,0,1,50,1988,50,1,"os",0.5
"499","os_034",4,1990,0,0,0,1,50,1988,50,2,"os",0.5
"500","os_034",5,1992,0,0,0,1,50,1988,0,4,"os",0.5
"501","os_034",6,1994,0,0,0,1,50,1988,0,6,"os",0.5
"502","os_034",7,1996,0,0,0,1,50,1988,0,8,"os",0.5
"503","os_034",7.5,1998,0,0,0,1,50,1988,0,10,"os",0.5
"504","os_034",8,2001,0,0,0,1,50,1988,0,13,"os",0.5
"505","os_034",9,2003,0,0,0,1,50,1988,0,15,"os",0.5
"506","os_034",11,2005,40,0,1,2,90,2005,40,0,"os",0.9
"507","os_034",13,2007,0,40,0,2,90,2005,40,2,"os",0.9
"508","os_034",13.5,2008,0,0,0,2,90,2005,40,3,"os",0.9
"509","os_034",15,2009,100,0,1,3,190,2009,100,0,"os",1.9
"510","os_034",16,2013,0,100,0,3,190,2009,0,4,"os",1.9
"511","os_035",1,1987,0,0,0,0,0,1973,0,14,"os",0
"512","os_035",3,1988,0,0,0,0,0,1973,0,15,"os",0
"513","os_035",3.5,1989,0,0,0,0,0,1973,0,16,"os",0
"514","os_035",4,1990,0,0,0,0,0,1973,0,17,"os",0
"515","os_035",5,1992,0,0,0,0,0,1973,0,19,"os",0
"516","os_035",6,1994,0,0,0,0,0,1973,0,21,"os",0
"517","os_035",7,1996,0,0,0,0,0,1973,0,23,"os",0
"518","os_035",7.5,1998,0,0,0,0,0,1973,0,25,"os",0
"519","os_035",8,2001,100,0,1,1,100,2001,100,0,"os",1
"520","os_035",9,2003,0,100,0,1,100,2001,100,2,"os",1
"521","os_035",11,2005,20,0,1,2,120,2005,20,0,"os",1.2
"522","os_035",13,2007,0,20,0,2,120,2005,20,2,"os",1.2
"523","os_035",13.5,2008,0,0,0,2,120,2005,20,3,"os",1.2
"524","os_035",15,2009,100,0,1,3,220,2009,100,0,"os",2.2
"525","os_035",16,2013,0,100,0,3,220,2009,0,4,"os",2.2
"526","os_036",1,1987,0,0,0,0,0,1973,0,14,"os",0
"527","os_036",3,1988,0,0,0,0,0,1973,0,15,"os",0
"528","os_036",3.5,1989,0,0,0,0,0,1973,0,16,"os",0
"529","os_036",4,1990,0,0,0,0,0,1973,0,17,"os",0
"530","os_036",5,1992,0,0,0,0,0,1973,0,19,"os",0
"531","os_036",6,1994,0,0,0,0,0,1973,0,21,"os",0
"532","os_036",7,1996,0,0,0,0,0,1973,0,23,"os",0
"533","os_036",7.5,1998,0,0,0,0,0,1973,0,25,"os",0
"534","os_036",8,2001,0,0,0,0,0,1973,0,28,"os",0
"535","os_036",9,2003,0,0,0,0,0,1973,0,30,"os",0
"536","os_036",11,2005,0,0,0,0,0,1973,0,32,"os",0
"537","os_036",13,2007,0,0,0,0,0,1973,0,34,"os",0
"538","os_036",13.5,2008,0,0,0,0,0,1973,0,35,"os",0
"539","os_036",15,2009,30,0,1,1,30,2009,30,0,"os",0.3
"540","os_036",16,2013,0,30,0,1,30,2009,0,4,"os",0.3
"541","os_037",1,1987,0,0,0,0,0,1973,0,14,"os",0
"542","os_037",3,1988,0,0,0,0,0,1973,0,15,"os",0
"543","os_037",3.5,1989,0,0,0,0,0,1973,0,16,"os",0
"544","os_037",4,1990,20,0,1,1,20,1990,20,0,"os",0.2
"545","os_037",5,1992,100,20,1,2,120,1992,120,0,"os",1.2
"546","os_037",6,1994,0,100,0,2,120,1992,100,2,"os",1.2
"547","os_037",7,1996,0,0,0,2,120,1992,0,4,"os",1.2
"548","os_037",7.5,1998,0,0,0,2,120,1992,0,6,"os",1.2
"549","os_037",8,2001,70,0,1,3,190,2001,70,0,"os",1.9
"550","os_037",9,2003,0,70,0,3,190,2001,70,2,"os",1.9
"551","os_037",11,2005,0,0,0,3,190,2001,0,4,"os",1.9
"552","os_037",13,2007,0,0,0,3,190,2001,0,6,"os",1.9
"553","os_037",13.5,2008,0,0,0,3,190,2001,0,7,"os",1.9
"554","os_037",15,2009,100,0,1,4,290,2009,100,0,"os",2.9
"555","os_037",16,2013,0,100,0,4,290,2009,0,4,"os",2.9
"556","os_038",1,1987,0,0,0,0,0,1973,0,14,"os",0
"557","os_038",3,1988,0,0,0,0,0,1973,0,15,"os",0
"558","os_038",3.5,1989,0,0,0,0,0,1973,0,16,"os",0
"559","os_038",4,1990,0,0,0,0,0,1973,0,17,"os",0
"560","os_038",5,1992,100,0,1,1,100,1992,100,0,"os",1
"561","os_038",6,1994,0,100,0,1,100,1992,100,2,"os",1
"562","os_038",7,1996,0,0,0,1,100,1992,0,4,"os",1
"563","os_038",7.5,1998,0,0,0,1,100,1992,0,6,"os",1
"564","os_038",8,2001,70,0,1,2,170,2001,70,0,"os",1.7
"565","os_038",9,2003,0,70,0,2,170,2001,70,2,"os",1.7
"566","os_038",11,2005,0,0,0,2,170,2001,0,4,"os",1.7
"567","os_038",13,2007,0,0,0,2,170,2001,0,6,"os",1.7
"568","os_038",13.5,2008,0,0,0,2,170,2001,0,7,"os",1.7
"569","os_038",15,2009,70,0,1,3,240,2009,70,0,"os",2.4
"570","os_038",16,2013,0,70,0,3,240,2009,0,4,"os",2.4
"571","os_039",1,1987,0,0,0,0,0,1973,0,14,"os",0
"572","os_039",3,1988,0,0,0,0,0,1973,0,15,"os",0
"573","os_039",3.5,1989,0,0,0,0,0,1973,0,16,"os",0
"574","os_039",4,1990,0,0,0,0,0,1973,0,17,"os",0
"575","os_039",5,1992,70,0,1,1,70,1992,70,0,"os",0.7
"576","os_039",6,1994,0,70,0,1,70,1992,70,2,"os",0.7
"577","os_039",7,1996,0,0,0,1,70,1992,0,4,"os",0.7
"578","os_039",7.5,1998,0,0,0,1,70,1992,0,6,"os",0.7
"579","os_039",8,2001,0,0,0,1,70,1992,0,9,"os",0.7
"580","os_039",9,2003,0,0,0,1,70,1992,0,11,"os",0.7
"581","os_039",11,2005,0,0,0,1,70,1992,0,13,"os",0.7
"582","os_039",13,2007,0,0,0,1,70,1992,0,15,"os",0.7
"583","os_039",13.5,2008,0,0,0,1,70,1992,0,16,"os",0.7
"584","os_039",15,2009,100,0,1,2,170,2009,100,0,"os",1.7
"585","os_039",16,2013,0,100,0,2,170,2009,0,4,"os",1.7
"586","os_040",1,1987,0,0,0,0,0,1973,0,14,"os",0
"587","os_040",3,1988,0,0,0,0,0,1973,0,15,"os",0
"588","os_040",3.5,1989,0,0,0,0,0,1973,0,16,"os",0
"589","os_040",4,1990,0,0,0,0,0,1973,0,17,"os",0
"590","os_040",5,1992,100,0,1,1,100,1992,100,0,"os",1
"591","os_040",6,1994,0,100,0,1,100,1992,100,2,"os",1
"592","os_040",7,1996,0,0,0,1,100,1992,0,4,"os",1
"593","os_040",7.5,1998,0,0,0,1,100,1992,0,6,"os",1
"594","os_040",8,2001,0,0,0,1,100,1992,0,9,"os",1
"595","os_040",9,2003,20,0,1,2,120,2003,20,0,"os",1.2
"596","os_040",11,2005,0,20,0,2,120,2003,20,2,"os",1.2
"597","os_040",13,2007,0,0,0,2,120,2003,0,4,"os",1.2
"598","os_040",13.5,2008,0,0,0,2,120,2003,0,5,"os",1.2
"599","os_040",15,2009,80,0,1,3,200,2009,80,0,"os",2
"600","os_040",16,2013,0,80,0,3,200,2009,0,4,"os",2
"601","os_041",1,1987,0,0,0,0,0,1973,0,14,"os",0
"602","os_041",3,1988,0,0,0,0,0,1973,0,15,"os",0
"603","os_041",3.5,1989,0,0,0,0,0,1973,0,16,"os",0
"604","os_041",4,1990,30,0,1,1,30,1990,30,0,"os",0.3
"605","os_041",5,1992,100,30,1,2,130,1992,130,0,"os",1.3
"606","os_041",6,1994,30,100,1,3,160,1994,130,0,"os",1.6
"607","os_041",7,1996,0,30,0,3,160,1994,30,2,"os",1.6
"608","os_041",7.5,1998,0,0,0,3,160,1994,0,4,"os",1.6
"609","os_041",8,2001,100,0,1,4,260,2001,100,0,"os",2.6
"610","os_041",9,2003,0,100,0,4,260,2001,100,2,"os",2.6
"611","os_041",11,2005,90,0,1,5,350,2005,90,0,"os",3.5
"612","os_041",13,2007,20,90,1,6,370,2007,110,0,"os",3.7
"613","os_041",13.5,2008,0,20,0,6,370,2007,110,1,"os",3.7
"614","os_041",15,2009,0,0,0,6,370,2007,20,2,"os",3.7
"615","os_041",16,2013,0,0,0,6,370,2007,0,6,"os",3.7
"616","os_042",1,1987,0,0,0,0,0,1973,0,14,"os",0
"617","os_042",3,1988,0,0,0,0,0,1973,0,15,"os",0
"618","os_042",3.5,1989,0,0,0,0,0,1973,0,16,"os",0
"619","os_042",4,1990,0,0,0,0,0,1973,0,17,"os",0
"620","os_042",5,1992,100,0,1,1,100,1992,100,0,"os",1
"621","os_042",6,1994,20,100,1,2,120,1994,120,0,"os",1.2
"622","os_042",7,1996,0,20,0,2,120,1994,20,2,"os",1.2
"623","os_042",7.5,1998,0,0,0,2,120,1994,0,4,"os",1.2
"624","os_042",8,2001,100,0,1,3,220,2001,100,0,"os",2.2
"625","os_042",9,2003,0,100,0,3,220,2001,100,2,"os",2.2
"626","os_042",11,2005,100,0,1,4,320,2005,100,0,"os",3.2
"627","os_042",13,2007,0,100,0,4,320,2005,100,2,"os",3.2
"628","os_042",13.5,2008,0,0,0,4,320,2005,100,3,"os",3.2
"629","os_042",15,2009,80,0,1,5,400,2009,80,0,"os",4
"630","os_042",16,2013,0,80,0,5,400,2009,0,4,"os",4
"631","os_043",1,1987,0,0,0,0,0,1973,0,14,"os",0
"632","os_043",3,1988,10,0,0,0,10,1973,10,15,"os",0.1
"633","os_043",3.5,1989,0,10,0,0,10,1973,10,16,"os",0.1
"634","os_043",4,1990,0,0,0,0,10,1973,10,17,"os",0.1
"635","os_043",5,1992,0,0,0,0,10,1973,0,19,"os",0.1
"636","os_043",6,1994,0,0,0,0,10,1973,0,21,"os",0.1
"637","os_043",7,1996,0,0,0,0,10,1973,0,23,"os",0.1
"638","os_043",7.5,1998,0,0,0,0,10,1973,0,25,"os",0.1
"639","os_043",8,2001,0,0,0,0,10,1973,0,28,"os",0.1
"640","os_043",9,2003,0,0,0,0,10,1973,0,30,"os",0.1
"641","os_043",11,2005,0,0,0,0,10,1973,0,32,"os",0.1
"642","os_043",13,2007,20,0,1,1,30,2007,20,0,"os",0.3
"643","os_043",13.5,2008,0,20,0,1,30,2007,20,1,"os",0.3
"644","os_043",15,2009,0,0,0,1,30,2007,20,2,"os",0.3
"645","os_043",16,2013,0,0,0,1,30,2007,0,6,"os",0.3
"646","os_044",1,1987,0,0,0,0,0,1973,0,14,"os",0
"647","os_044",3,1988,60,0,1,1,60,1988,60,0,"os",0.6
"648","os_044",3.5,1989,0,60,0,1,60,1988,60,1,"os",0.6
"649","os_044",4,1990,0,0,0,1,60,1988,60,2,"os",0.6
"650","os_044",5,1992,0,0,0,1,60,1988,0,4,"os",0.6
"651","os_044",6,1994,90,0,1,2,150,1994,90,0,"os",1.5
"652","os_044",7,1996,0,90,0,2,150,1994,90,2,"os",1.5
"653","os_044",7.5,1998,0,0,0,2,150,1994,0,4,"os",1.5
"654","os_044",8,2001,90,0,1,3,240,2001,90,0,"os",2.4
"655","os_044",9,2003,20,90,1,4,260,2003,110,0,"os",2.6
"656","os_044",11,2005,50,20,1,5,310,2005,70,0,"os",3.1
"657","os_044",13,2007,40,50,1,6,350,2007,90,0,"os",3.5
"658","os_044",13.5,2008,0,40,0,6,350,2007,90,1,"os",3.5
"659","os_044",15,2009,10,0,0,6,360,2007,50,2,"os",3.6
"660","os_044",16,2013,0,10,0,6,360,2007,0,6,"os",3.6
"661","os_045",1,1987,0,0,0,0,0,1973,0,14,"os",0
"662","os_045",3,1988,10,0,0,0,10,1973,10,15,"os",0.1
"663","os_045",3.5,1989,0,10,0,0,10,1973,10,16,"os",0.1
"664","os_045",4,1990,50,0,1,1,60,1990,60,0,"os",0.6
"665","os_045",5,1992,0,50,0,1,60,1990,50,2,"os",0.6
"666","os_045",6,1994,0,0,0,1,60,1990,0,4,"os",0.6
"667","os_045",7,1996,0,0,0,1,60,1990,0,6,"os",0.6
"668","os_045",7.5,1998,0,0,0,1,60,1990,0,8,"os",0.6
"669","os_045",8,2001,80,0,1,2,140,2001,80,0,"os",1.4
"670","os_045",9,2003,10,80,0,2,150,2001,90,2,"os",1.5
"671","os_045",11,2005,20,10,1,3,170,2005,30,0,"os",1.7
"672","os_045",13,2007,30,20,1,4,200,2007,50,0,"os",2
"673","os_045",13.5,2008,0,30,0,4,200,2007,50,1,"os",2
"674","os_045",15,2009,0,0,0,4,200,2007,30,2,"os",2
"675","os_045",16,2013,0,0,0,4,200,2007,0,6,"os",2
"676","os_046",1,1987,0,0,0,0,0,1973,0,14,"os",0
"677","os_046",3,1988,50,0,1,1,50,1988,50,0,"os",0.5
"678","os_046",3.5,1989,0,50,0,1,50,1988,50,1,"os",0.5
"679","os_046",4,1990,0,0,0,1,50,1988,50,2,"os",0.5
"680","os_046",5,1992,0,0,0,1,50,1988,0,4,"os",0.5
"681","os_046",6,1994,40,0,1,2,90,1994,40,0,"os",0.9
"682","os_046",7,1996,0,40,0,2,90,1994,40,2,"os",0.9
"683","os_046",7.5,1998,0,0,0,2,90,1994,0,4,"os",0.9
"684","os_046",8,2001,20,0,1,3,110,2001,20,0,"os",1.1
"685","os_046",9,2003,0,20,0,3,110,2001,20,2,"os",1.1
"686","os_046",11,2005,0,0,0,3,110,2001,0,4,"os",1.1
"687","os_046",13,2007,60,0,1,4,170,2007,60,0,"os",1.7
"688","os_046",13.5,2008,0,60,0,4,170,2007,60,1,"os",1.7
"689","os_046",15,2009,0,0,0,4,170,2007,60,2,"os",1.7
"690","os_046",16,2013,0,0,0,4,170,2007,0,6,"os",1.7
"691","os_047",1,1987,0,0,0,0,0,1973,0,14,"os",0
"692","os_047",3,1988,10,0,0,0,10,1973,10,15,"os",0.1
"693","os_047",3.5,1989,0,10,0,0,10,1973,10,16,"os",0.1
"694","os_047",4,1990,40,0,1,1,50,1990,50,0,"os",0.5
"695","os_047",5,1992,40,40,1,2,90,1992,80,0,"os",0.9
"696","os_047",6,1994,50,40,1,3,140,1994,90,0,"os",1.4
"697","os_047",7,1996,0,50,0,3,140,1994,50,2,"os",1.4
"698","os_047",7.5,1998,0,0,0,3,140,1994,0,4,"os",1.4
"699","os_047",8,2001,30,0,1,4,170,2001,30,0,"os",1.7
"700","os_047",9,2003,0,30,0,4,170,2001,30,2,"os",1.7
"701","os_047",11,2005,0,0,0,4,170,2001,0,4,"os",1.7
"702","os_047",13,2007,60,0,1,5,230,2007,60,0,"os",2.3
"703","os_047",13.5,2008,0,60,0,5,230,2007,60,1,"os",2.3
"704","os_047",15,2009,40,0,1,6,270,2009,100,0,"os",2.7
"705","os_047",16,2013,0,40,0,6,270,2009,0,4,"os",2.7
"706","os_048",1,1987,0,0,0,0,0,1973,0,14,"os",0
"707","os_048",3,1988,0,0,0,0,0,1973,0,15,"os",0
"708","os_048",3.5,1989,0,0,0,0,0,1973,0,16,"os",0
"709","os_048",4,1990,30,0,1,1,30,1990,30,0,"os",0.3
"710","os_048",5,1992,20,30,1,2,50,1992,50,0,"os",0.5
"711","os_048",6,1994,40,20,1,3,90,1994,60,0,"os",0.9
"712","os_048",7,1996,0,40,0,3,90,1994,40,2,"os",0.9
"713","os_048",7.5,1998,0,0,0,3,90,1994,0,4,"os",0.9
"714","os_048",8,2001,100,0,1,4,190,2001,100,0,"os",1.9
"715","os_048",9,2003,0,100,0,4,190,2001,100,2,"os",1.9
"716","os_048",11,2005,0,0,0,4,190,2001,0,4,"os",1.9
"717","os_048",13,2007,0,0,0,4,190,2001,0,6,"os",1.9
"718","os_048",13.5,2008,0,0,0,4,190,2001,0,7,"os",1.9
"719","os_048",15,2009,0,0,0,4,190,2001,0,8,"os",1.9
"720","os_048",16,2013,0,0,0,4,190,2001,0,12,"os",1.9
"721","os_049",1,1987,0,0,0,0,0,1973,0,14,"os",0
"722","os_049",3,1988,0,0,0,0,0,1973,0,15,"os",0
"723","os_049",3.5,1989,0,0,0,0,0,1973,0,16,"os",0
"724","os_049",4,1990,0,0,0,0,0,1973,0,17,"os",0
"725","os_049",5,1992,100,0,1,1,100,1992,100,0,"os",1
"726","os_049",6,1994,0,100,0,1,100,1992,100,2,"os",1
"727","os_049",7,1996,60,0,1,2,160,1996,60,0,"os",1.6
"728","os_049",7.5,1998,0,60,0,2,160,1996,60,2,"os",1.6
"729","os_049",8,2001,10,0,0,2,170,1996,10,5,"os",1.7
"730","os_049",9,2003,0,10,0,2,170,1996,10,7,"os",1.7
"731","os_049",11,2005,0,0,0,2,170,1996,0,9,"os",1.7
"732","os_049",13,2007,0,0,0,2,170,1996,0,11,"os",1.7
"733","os_049",13.5,2008,0,0,0,2,170,1996,0,12,"os",1.7
"734","os_049",15,2009,30,0,1,3,200,2009,30,0,"os",2
"735","os_049",16,2013,0,30,0,3,200,2009,0,4,"os",2
"736","os_050",1,1987,0,0,0,0,0,1973,0,14,"os",0
"737","os_050",3,1988,0,0,0,0,0,1973,0,15,"os",0
"738","os_050",3.5,1989,0,0,0,0,0,1973,0,16,"os",0
"739","os_050",4,1990,0,0,0,0,0,1973,0,17,"os",0
"740","os_050",5,1992,50,0,1,1,50,1992,50,0,"os",0.5
"741","os_050",6,1994,0,50,0,1,50,1992,50,2,"os",0.5
"742","os_050",7,1996,20,0,1,2,70,1996,20,0,"os",0.7
"743","os_050",7.5,1998,0,20,0,2,70,1996,20,2,"os",0.7
"744","os_050",8,2001,0,0,0,2,70,1996,0,5,"os",0.7
"745","os_050",9,2003,0,0,0,2,70,1996,0,7,"os",0.7
"746","os_050",11,2005,90,0,1,3,160,2005,90,0,"os",1.6
"747","os_050",13,2007,0,90,0,3,160,2005,90,2,"os",1.6
"748","os_050",13.5,2008,0,0,0,3,160,2005,90,3,"os",1.6
"749","os_050",15,2009,90,0,1,4,250,2009,90,0,"os",2.5
"750","os_050",16,2013,0,90,0,4,250,2009,0,4,"os",2.5
"751","os_051",1,1987,0,0,0,0,0,1973,0,14,"os",0
"752","os_051",3,1988,0,0,0,0,0,1973,0,15,"os",0
"753","os_051",3.5,1989,0,0,0,0,0,1973,0,16,"os",0
"754","os_051",4,1990,0,0,0,0,0,1973,0,17,"os",0
"755","os_051",5,1992,100,0,1,1,100,1992,100,0,"os",1
"756","os_051",6,1994,0,100,0,1,100,1992,100,2,"os",1
"757","os_051",7,1996,0,0,0,1,100,1992,0,4,"os",1
"758","os_051",7.5,1998,0,0,0,1,100,1992,0,6,"os",1
"759","os_051",8,2001,10,0,0,1,110,1992,10,9,"os",1.1
"760","os_051",9,2003,0,10,0,1,110,1992,10,11,"os",1.1
"761","os_051",11,2005,0,0,0,1,110,1992,0,13,"os",1.1
"762","os_051",13,2007,0,0,0,1,110,1992,0,15,"os",1.1
"763","os_051",13.5,2008,0,0,0,1,110,1992,0,16,"os",1.1
"764","os_051",15,2009,100,0,1,2,210,2009,100,0,"os",2.1
"765","os_051",16,2013,0,100,0,2,210,2009,0,4,"os",2.1
"766","os_052",1,1987,0,0,0,0,0,1973,0,14,"os",0
"767","os_052",3,1988,0,0,0,0,0,1973,0,15,"os",0
"768","os_052",3.5,1989,0,0,0,0,0,1973,0,16,"os",0
"769","os_052",4,1990,0,0,0,0,0,1973,0,17,"os",0
"770","os_052",5,1992,60,0,1,1,60,1992,60,0,"os",0.6
"771","os_052",6,1994,0,60,0,1,60,1992,60,2,"os",0.6
"772","os_052",7,1996,0,0,0,1,60,1992,0,4,"os",0.6
"773","os_052",7.5,1998,0,0,0,1,60,1992,0,6,"os",0.6
"774","os_052",8,2001,0,0,0,1,60,1992,0,9,"os",0.6
"775","os_052",9,2003,0,0,0,1,60,1992,0,11,"os",0.6
"776","os_052",11,2005,0,0,0,1,60,1992,0,13,"os",0.6
"777","os_052",13,2007,0,0,0,1,60,1992,0,15,"os",0.6
"778","os_052",13.5,2008,0,0,0,1,60,1992,0,16,"os",0.6
"779","os_052",15,2009,100,0,1,2,160,2009,100,0,"os",1.6
"780","os_052",16,2013,0,100,0,2,160,2009,0,4,"os",1.6
"781","os_053",1,1987,0,0,0,0,0,1973,0,14,"os",0
"782","os_053",3,1988,0,0,0,0,0,1973,0,15,"os",0
"783","os_053",3.5,1989,0,0,0,0,0,1973,0,16,"os",0
"784","os_053",4,1990,0,0,0,0,0,1973,0,17,"os",0
"785","os_053",5,1992,10,0,0,0,10,1973,10,19,"os",0.1
"786","os_053",6,1994,0,10,0,0,10,1973,10,21,"os",0.1
"787","os_053",7,1996,0,0,0,0,10,1973,0,23,"os",0.1
"788","os_053",7.5,1998,0,0,0,0,10,1973,0,25,"os",0.1
"789","os_053",8,2001,0,0,0,0,10,1973,0,28,"os",0.1
"790","os_053",9,2003,0,0,0,0,10,1973,0,30,"os",0.1
"791","os_053",11,2005,0,0,0,0,10,1973,0,32,"os",0.1
"792","os_053",13,2007,0,0,0,0,10,1973,0,34,"os",0.1
"793","os_053",13.5,2008,0,0,0,0,10,1973,0,35,"os",0.1
"794","os_053",15,2009,100,0,1,1,110,2009,100,0,"os",1.1
"795","os_053",16,2013,0,100,0,1,110,2009,0,4,"os",1.1
"796","os_054",1,1987,0,0,0,0,0,1973,0,14,"os",0
"797","os_054",3,1988,0,0,0,0,0,1973,0,15,"os",0
"798","os_054",3.5,1989,0,0,0,0,0,1973,0,16,"os",0
"799","os_054",4,1990,0,0,0,0,0,1973,0,17,"os",0
"800","os_054",5,1992,0,0,0,0,0,1973,0,19,"os",0
"801","os_054",6,1994,0,0,0,0,0,1973,0,21,"os",0
"802","os_054",7,1996,0,0,0,0,0,1973,0,23,"os",0
"803","os_054",7.5,1998,0,0,0,0,0,1973,0,25,"os",0
"804","os_054",8,2001,0,0,0,0,0,1973,0,28,"os",0
"805","os_054",9,2003,0,0,0,0,0,1973,0,30,"os",0
"806","os_054",11,2005,0,0,0,0,0,1973,0,32,"os",0
"807","os_054",13,2007,0,0,0,0,0,1973,0,34,"os",0
"808","os_054",13.5,2008,0,0,0,0,0,1973,0,35,"os",0
"809","os_054",15,2009,0,0,0,0,0,1973,0,36,"os",0
"810","os_054",16,2013,0,0,0,0,0,1973,0,40,"os",0
"811","os_055",1,1987,0,0,0,0,0,1973,0,14,"os",0
"812","os_055",3,1988,20,0,1,1,20,1988,20,0,"os",0.2
"813","os_055",3.5,1989,0,20,0,1,20,1988,20,1,"os",0.2
"814","os_055",4,1990,0,0,0,1,20,1988,20,2,"os",0.2
"815","os_055",5,1992,0,0,0,1,20,1988,0,4,"os",0.2
"816","os_055",6,1994,0,0,0,1,20,1988,0,6,"os",0.2
"817","os_055",7,1996,0,0,0,1,20,1988,0,8,"os",0.2
"818","os_055",7.5,1998,0,0,0,1,20,1988,0,10,"os",0.2
"819","os_055",8,2001,0,0,0,1,20,1988,0,13,"os",0.2
"820","os_055",9,2003,0,0,0,1,20,1988,0,15,"os",0.2
"821","os_055",11,2005,0,0,0,1,20,1988,0,17,"os",0.2
"822","os_055",13,2007,0,0,0,1,20,1988,0,19,"os",0.2
"823","os_055",13.5,2008,0,0,0,1,20,1988,0,20,"os",0.2
"824","os_055",15,2009,0,0,0,1,20,1988,0,21,"os",0.2
"825","os_055",16,2013,0,0,0,1,20,1988,0,25,"os",0.2
"826","os_056",1,1987,0,0,0,0,0,1973,0,14,"os",0
"827","os_056",3,1988,70,0,1,1,70,1988,70,0,"os",0.7
"828","os_056",3.5,1989,0,70,0,1,70,1988,70,1,"os",0.7
"829","os_056",4,1990,0,0,0,1,70,1988,70,2,"os",0.7
"830","os_056",5,1992,0,0,0,1,70,1988,0,4,"os",0.7
"831","os_056",6,1994,0,0,0,1,70,1988,0,6,"os",0.7
"832","os_056",7,1996,0,0,0,1,70,1988,0,8,"os",0.7
"833","os_056",7.5,1998,0,0,0,1,70,1988,0,10,"os",0.7
"834","os_056",8,2001,0,0,0,1,70,1988,0,13,"os",0.7
"835","os_056",9,2003,0,0,0,1,70,1988,0,15,"os",0.7
"836","os_056",11,2005,90,0,1,2,160,2005,90,0,"os",1.6
"837","os_056",13,2007,0,90,0,2,160,2005,90,2,"os",1.6
"838","os_056",13.5,2008,0,0,0,2,160,2005,90,3,"os",1.6
"839","os_056",15,2009,100,0,1,3,260,2009,100,0,"os",2.6
"840","os_056",16,2013,0,100,0,3,260,2009,0,4,"os",2.6
"841","os_057",1,1987,0,0,0,0,0,1973,0,14,"os",0
"842","os_057",3,1988,10,0,0,0,10,1973,10,15,"os",0.1
"843","os_057",3.5,1989,0,10,0,0,10,1973,10,16,"os",0.1
"844","os_057",4,1990,0,0,0,0,10,1973,10,17,"os",0.1
"845","os_057",5,1992,0,0,0,0,10,1973,0,19,"os",0.1
"846","os_057",6,1994,0,0,0,0,10,1973,0,21,"os",0.1
"847","os_057",7,1996,0,0,0,0,10,1973,0,23,"os",0.1
"848","os_057",7.5,1998,0,0,0,0,10,1973,0,25,"os",0.1
"849","os_057",8,2001,0,0,0,0,10,1973,0,28,"os",0.1
"850","os_057",9,2003,0,0,0,0,10,1973,0,30,"os",0.1
"851","os_057",11,2005,0,0,0,0,10,1973,0,32,"os",0.1
"852","os_057",13,2007,0,0,0,0,10,1973,0,34,"os",0.1
"853","os_057",13.5,2008,0,0,0,0,10,1973,0,35,"os",0.1
"854","os_057",15,2009,80,0,1,1,90,2009,80,0,"os",0.9
"855","os_057",16,2013,0,80,0,1,90,2009,0,4,"os",0.9
"856","os_058",1,1987,0,0,0,0,0,1973,0,14,"os",0
"857","os_058",3,1988,0,0,0,0,0,1973,0,15,"os",0
"858","os_058",3.5,1989,0,0,0,0,0,1973,0,16,"os",0
"859","os_058",4,1990,0,0,0,0,0,1973,0,17,"os",0
"860","os_058",5,1992,0,0,0,0,0,1973,0,19,"os",0
"861","os_058",6,1994,0,0,0,0,0,1973,0,21,"os",0
"862","os_058",7,1996,0,0,0,0,0,1973,0,23,"os",0
"863","os_058",7.5,1998,0,0,0,0,0,1973,0,25,"os",0
"864","os_058",8,2001,0,0,0,0,0,1973,0,28,"os",0
"865","os_058",9,2003,0,0,0,0,0,1973,0,30,"os",0
"866","os_058",11,2005,0,0,0,0,0,1973,0,32,"os",0
"867","os_058",13,2007,0,0,0,0,0,1973,0,34,"os",0
"868","os_058",13.5,2008,0,0,0,0,0,1973,0,35,"os",0
"869","os_058",15,2009,90,0,1,1,90,2009,90,0,"os",0.9
"870","os_058",16,2013,0,90,0,1,90,2009,0,4,"os",0.9
"871","os_059",1,1987,0,0,0,0,0,1973,0,14,"os",0
"872","os_059",3,1988,80,0,1,1,80,1988,80,0,"os",0.8
"873","os_059",3.5,1989,0,80,0,1,80,1988,80,1,"os",0.8
"874","os_059",4,1990,0,0,0,1,80,1988,80,2,"os",0.8
"875","os_059",5,1992,0,0,0,1,80,1988,0,4,"os",0.8
"876","os_059",6,1994,0,0,0,1,80,1988,0,6,"os",0.8
"877","os_059",7,1996,0,0,0,1,80,1988,0,8,"os",0.8
"878","os_059",7.5,1998,0,0,0,1,80,1988,0,10,"os",0.8
"879","os_059",8,2001,0,0,0,1,80,1988,0,13,"os",0.8
"880","os_059",9,2003,0,0,0,1,80,1988,0,15,"os",0.8
"881","os_059",11,2005,40,0,1,2,120,2005,40,0,"os",1.2
"882","os_059",13,2007,0,40,0,2,120,2005,40,2,"os",1.2
"883","os_059",13.5,2008,0,0,0,2,120,2005,40,3,"os",1.2
"884","os_059",15,2009,60,0,1,3,180,2009,60,0,"os",1.8
"885","os_059",16,2013,0,60,0,3,180,2009,0,4,"os",1.8
"886","os_060",1,1987,0,0,0,0,0,1973,0,14,"os",0
"887","os_060",3,1988,20,0,1,1,20,1988,20,0,"os",0.2
"888","os_060",3.5,1989,0,20,0,1,20,1988,20,1,"os",0.2
"889","os_060",4,1990,0,0,0,1,20,1988,20,2,"os",0.2
"890","os_060",5,1992,0,0,0,1,20,1988,0,4,"os",0.2
"891","os_060",6,1994,0,0,0,1,20,1988,0,6,"os",0.2
"892","os_060",7,1996,0,0,0,1,20,1988,0,8,"os",0.2
"893","os_060",7.5,1998,0,0,0,1,20,1988,0,10,"os",0.2
"894","os_060",8,2001,40,0,1,2,60,2001,40,0,"os",0.6
"895","os_060",9,2003,0,40,0,2,60,2001,40,2,"os",0.6
"896","os_060",11,2005,50,0,1,3,110,2005,50,0,"os",1.1
"897","os_060",13,2007,0,50,0,3,110,2005,50,2,"os",1.1
"898","os_060",13.5,2008,0,0,0,3,110,2005,50,3,"os",1.1
"899","os_060",15,2009,22.2222222222222,0,1,4,132.222222222222,2009,22.2222222222222,0,"os",1.32222222222222
"900","os_060",16,2013,0,22.2222222222222,0,4,132.222222222222,2009,0,4,"os",1.32222222222222
"901","os_061",1,1987,0,0,0,0,0,1973,0,14,"os",0
"902","os_061",3,1988,0,0,0,0,0,1973,0,15,"os",0
"903","os_061",3.5,1989,0,0,0,0,0,1973,0,16,"os",0
"904","os_061",4,1990,0,0,0,0,0,1973,0,17,"os",0
"905","os_061",5,1992,0,0,0,0,0,1973,0,19,"os",0
"906","os_061",6,1994,0,0,0,0,0,1973,0,21,"os",0
"907","os_061",7,1996,0,0,0,0,0,1973,0,23,"os",0
"908","os_061",7.5,1998,0,0,0,0,0,1973,0,25,"os",0
"909","os_061",8,2001,0,0,0,0,0,1973,0,28,"os",0
"910","os_061",9,2003,0,0,0,0,0,1973,0,30,"os",0
"911","os_061",11,2005,0,0,0,0,0,1973,0,32,"os",0
"912","os_061",13,2007,0,0,0,0,0,1973,0,34,"os",0
"913","os_061",13.5,2008,0,0,0,0,0,1973,0,35,"os",0
"914","os_061",15,2009,0,0,0,0,0,1973,0,36,"os",0
"915","os_061",16,2013,0,0,0,0,0,1973,0,40,"os",0
"916","os_062",1,1987,0,0,0,0,0,1973,0,14,"os",0
"917","os_062",3,1988,0,0,0,0,0,1973,0,15,"os",0
"918","os_062",3.5,1989,0,0,0,0,0,1973,0,16,"os",0
"919","os_062",4,1990,0,0,0,0,0,1973,0,17,"os",0
"920","os_062",5,1992,0,0,0,0,0,1973,0,19,"os",0
"921","os_062",6,1994,0,0,0,0,0,1973,0,21,"os",0
"922","os_062",7,1996,0,0,0,0,0,1973,0,23,"os",0
"923","os_062",7.5,1998,0,0,0,0,0,1973,0,25,"os",0
"924","os_062",8,2001,0,0,0,0,0,1973,0,28,"os",0
"925","os_062",9,2003,0,0,0,0,0,1973,0,30,"os",0
"926","os_062",11,2005,0,0,0,0,0,1973,0,32,"os",0
"927","os_062",13,2007,0,0,0,0,0,1973,0,34,"os",0
"928","os_062",13.5,2008,0,0,0,0,0,1973,0,35,"os",0
"929","os_062",15,2009,0,0,0,0,0,1973,0,36,"os",0
"930","os_062",16,2013,0,0,0,0,0,1973,0,40,"os",0
"931","os_063",1,1987,0,0,0,0,0,1973,0,14,"os",0
"932","os_063",3,1988,0,0,0,0,0,1973,0,15,"os",0
"933","os_063",3.5,1989,0,0,0,0,0,1973,0,16,"os",0
"934","os_063",4,1990,0,0,0,0,0,1973,0,17,"os",0
"935","os_063",5,1992,0,0,0,0,0,1973,0,19,"os",0
"936","os_063",6,1994,0,0,0,0,0,1973,0,21,"os",0
"937","os_063",7,1996,0,0,0,0,0,1973,0,23,"os",0
"938","os_063",7.5,1998,0,0,0,0,0,1973,0,25,"os",0
"939","os_063",8,2001,0,0,0,0,0,1973,0,28,"os",0
"940","os_063",9,2003,0,0,0,0,0,1973,0,30,"os",0
"941","os_063",11,2005,0,0,0,0,0,1973,0,32,"os",0
"942","os_063",13,2007,0,0,0,0,0,1973,0,34,"os",0
"943","os_063",13.5,2008,0,0,0,0,0,1973,0,35,"os",0
"944","os_063",15,2009,0,0,0,0,0,1973,0,36,"os",0
"945","os_063",16,2013,0,0,0,0,0,1973,0,40,"os",0
"946","os_064",1,1987,0,0,0,0,0,1973,0,14,"os",0
"947","os_064",3,1988,0,0,0,0,0,1973,0,15,"os",0
"948","os_064",3.5,1989,0,0,0,0,0,1973,0,16,"os",0
"949","os_064",4,1990,0,0,0,0,0,1973,0,17,"os",0
"950","os_064",5,1992,0,0,0,0,0,1973,0,19,"os",0
"951","os_064",6,1994,0,0,0,0,0,1973,0,21,"os",0
"952","os_064",7,1996,0,0,0,0,0,1973,0,23,"os",0
"953","os_064",7.5,1998,0,0,0,0,0,1973,0,25,"os",0
"954","os_064",8,2001,0,0,0,0,0,1973,0,28,"os",0
"955","os_064",9,2003,0,0,0,0,0,1973,0,30,"os",0
"956","os_064",11,2005,0,0,0,0,0,1973,0,32,"os",0
"957","os_064",13,2007,0,0,0,0,0,1973,0,34,"os",0
"958","os_064",13.5,2008,0,0,0,0,0,1973,0,35,"os",0
"959","os_064",15,2009,0,0,0,0,0,1973,0,36,"os",0
"960","os_064",16,2013,0,0,0,0,0,1973,0,40,"os",0
"961","os_065",1,1987,0,0,0,0,0,1973,0,14,"os",0
"962","os_065",3,1988,0,0,0,0,0,1973,0,15,"os",0
"963","os_065",3.5,1989,0,0,0,0,0,1973,0,16,"os",0
"964","os_065",4,1990,0,0,0,0,0,1973,0,17,"os",0
"965","os_065",5,1992,0,0,0,0,0,1973,0,19,"os",0
"966","os_065",6,1994,0,0,0,0,0,1973,0,21,"os",0
"967","os_065",7,1996,0,0,0,0,0,1973,0,23,"os",0
"968","os_065",7.5,1998,0,0,0,0,0,1973,0,25,"os",0
"969","os_065",8,2001,0,0,0,0,0,1973,0,28,"os",0
"970","os_065",9,2003,0,0,0,0,0,1973,0,30,"os",0
"971","os_065",11,2005,0,0,0,0,0,1973,0,32,"os",0
"972","os_065",13,2007,0,0,0,0,0,1973,0,34,"os",0
"973","os_065",13.5,2008,0,0,0,0,0,1973,0,35,"os",0
"974","os_065",15,2009,0,0,0,0,0,1973,0,36,"os",0
"975","os_065",16,2013,0,0,0,0,0,1973,0,40,"os",0
"976","os_066",1,1987,0,0,0,0,0,1973,0,14,"os",0
"977","os_066",3,1988,0,0,0,0,0,1973,0,15,"os",0
"978","os_066",3.5,1989,0,0,0,0,0,1973,0,16,"os",0
"979","os_066",4,1990,0,0,0,0,0,1973,0,17,"os",0
"980","os_066",5,1992,0,0,0,0,0,1973,0,19,"os",0
"981","os_066",6,1994,0,0,0,0,0,1973,0,21,"os",0
"982","os_066",7,1996,0,0,0,0,0,1973,0,23,"os",0
"983","os_066",7.5,1998,0,0,0,0,0,1973,0,25,"os",0
"984","os_066",8,2001,0,0,0,0,0,1973,0,28,"os",0
"985","os_066",9,2003,0,0,0,0,0,1973,0,30,"os",0
"986","os_066",11,2005,0,0,0,0,0,1973,0,32,"os",0
"987","os_066",13,2007,0,0,0,0,0,1973,0,34,"os",0
"988","os_066",13.5,2008,0,0,0,0,0,1973,0,35,"os",0
"989","os_066",15,2009,0,0,0,0,0,1973,0,36,"os",0
"990","os_066",16,2013,0,0,0,0,0,1973,0,40,"os",0
"991","os_067",1,1987,0,0,0,0,0,1973,0,14,"os",0
"992","os_067",3,1988,0,0,0,0,0,1973,0,15,"os",0
"993","os_067",3.5,1989,0,0,0,0,0,1973,0,16,"os",0
"994","os_067",4,1990,0,0,0,0,0,1973,0,17,"os",0
"995","os_067",5,1992,100,0,1,1,100,1992,100,0,"os",1
"996","os_067",6,1994,0,100,0,1,100,1992,100,2,"os",1
"997","os_067",7,1996,0,0,0,1,100,1992,0,4,"os",1
"998","os_067",7.5,1998,0,0,0,1,100,1992,0,6,"os",1
"999","os_067",8,2001,100,0,1,2,200,2001,100,0,"os",2
"1000","os_067",9,2003,0,100,0,2,200,2001,100,2,"os",2
"1001","os_067",11,2005,0,0,0,2,200,2001,0,4,"os",2
"1002","os_067",13,2007,0,0,0,2,200,2001,0,6,"os",2
"1003","os_067",13.5,2008,0,0,0,2,200,2001,0,7,"os",2
"1004","os_067",15,2009,60,0,1,3,260,2009,60,0,"os",2.6
"1005","os_067",16,2013,0,60,0,3,260,2009,0,4,"os",2.6
"1006","os_068",1,1987,0,0,0,0,0,1973,0,14,"os",0
"1007","os_068",3,1988,0,0,0,0,0,1973,0,15,"os",0
"1008","os_068",3.5,1989,0,0,0,0,0,1973,0,16,"os",0
"1009","os_068",4,1990,0,0,0,0,0,1973,0,17,"os",0
"1010","os_068",5,1992,0,0,0,0,0,1973,0,19,"os",0
"1011","os_068",6,1994,0,0,0,0,0,1973,0,21,"os",0
"1012","os_068",7,1996,0,0,0,0,0,1973,0,23,"os",0
"1013","os_068",7.5,1998,0,0,0,0,0,1973,0,25,"os",0
"1014","os_068",8,2001,0,0,0,0,0,1973,0,28,"os",0
"1015","os_068",9,2003,0,0,0,0,0,1973,0,30,"os",0
"1016","os_068",11,2005,0,0,0,0,0,1973,0,32,"os",0
"1017","os_068",13,2007,0,0,0,0,0,1973,0,34,"os",0
"1018","os_068",13.5,2008,0,0,0,0,0,1973,0,35,"os",0
"1019","os_068",15,2009,50,0,1,1,50,2009,50,0,"os",0.5
"1020","os_068",16,2013,0,50,0,1,50,2009,0,4,"os",0.5
"1021","os_069",1,1987,0,0,0,0,0,1973,0,14,"os",0
"1022","os_069",3,1988,0,0,0,0,0,1973,0,15,"os",0
"1023","os_069",3.5,1989,0,0,0,0,0,1973,0,16,"os",0
"1024","os_069",4,1990,0,0,0,0,0,1973,0,17,"os",0
"1025","os_069",5,1992,70,0,1,1,70,1992,70,0,"os",0.7
"1026","os_069",6,1994,0,70,0,1,70,1992,70,2,"os",0.7
"1027","os_069",7,1996,0,0,0,1,70,1992,0,4,"os",0.7
"1028","os_069",7.5,1998,0,0,0,1,70,1992,0,6,"os",0.7
"1029","os_069",8,2001,50,0,1,2,120,2001,50,0,"os",1.2
"1030","os_069",9,2003,0,50,0,2,120,2001,50,2,"os",1.2
"1031","os_069",11,2005,0,0,0,2,120,2001,0,4,"os",1.2
"1032","os_069",13,2007,0,0,0,2,120,2001,0,6,"os",1.2
"1033","os_069",13.5,2008,0,0,0,2,120,2001,0,7,"os",1.2
"1034","os_069",15,2009,40,0,1,3,160,2009,40,0,"os",1.6
"1035","os_069",16,2013,0,40,0,3,160,2009,0,4,"os",1.6
"1036","os_070",1,1987,0,0,0,0,0,1973,0,14,"os",0
"1037","os_070",3,1988,0,0,0,0,0,1973,0,15,"os",0
"1038","os_070",3.5,1989,0,0,0,0,0,1973,0,16,"os",0
"1039","os_070",4,1990,0,0,0,0,0,1973,0,17,"os",0
"1040","os_070",5,1992,100,0,1,1,100,1992,100,0,"os",1
"1041","os_070",6,1994,0,100,0,1,100,1992,100,2,"os",1
"1042","os_070",7,1996,0,0,0,1,100,1992,0,4,"os",1
"1043","os_070",7.5,1998,0,0,0,1,100,1992,0,6,"os",1
"1044","os_070",8,2001,50,0,1,2,150,2001,50,0,"os",1.5
"1045","os_070",9,2003,0,50,0,2,150,2001,50,2,"os",1.5
"1046","os_070",11,2005,20,0,1,3,170,2005,20,0,"os",1.7
"1047","os_070",13,2007,0,20,0,3,170,2005,20,2,"os",1.7
"1048","os_070",13.5,2008,0,0,0,3,170,2005,20,3,"os",1.7
"1049","os_070",15,2009,90,0,1,4,260,2009,90,0,"os",2.6
"1050","os_070",16,2013,0,90,0,4,260,2009,0,4,"os",2.6
"1051","os_071",1,1987,0,0,0,0,0,1973,0,14,"os",0
"1052","os_071",3,1988,0,0,0,0,0,1973,0,15,"os",0
"1053","os_071",3.5,1989,0,0,0,0,0,1973,0,16,"os",0
"1054","os_071",4,1990,0,0,0,0,0,1973,0,17,"os",0
"1055","os_071",5,1992,70,0,1,1,70,1992,70,0,"os",0.7
"1056","os_071",6,1994,0,70,0,1,70,1992,70,2,"os",0.7
"1057","os_071",7,1996,0,0,0,1,70,1992,0,4,"os",0.7
"1058","os_071",7.5,1998,0,0,0,1,70,1992,0,6,"os",0.7
"1059","os_071",8,2001,0,0,0,1,70,1992,0,9,"os",0.7
"1060","os_071",9,2003,0,0,0,1,70,1992,0,11,"os",0.7
"1061","os_071",11,2005,80,0,1,2,150,2005,80,0,"os",1.5
"1062","os_071",13,2007,0,80,0,2,150,2005,80,2,"os",1.5
"1063","os_071",13.5,2008,0,0,0,2,150,2005,80,3,"os",1.5
"1064","os_071",15,2009,80,0,1,3,230,2009,80,0,"os",2.3
"1065","os_071",16,2013,0,80,0,3,230,2009,0,4,"os",2.3
"1066","os_072",1,1987,0,0,0,0,0,1973,0,14,"os",0
"1067","os_072",3,1988,0,0,0,0,0,1973,0,15,"os",0
"1068","os_072",3.5,1989,0,0,0,0,0,1973,0,16,"os",0
"1069","os_072",4,1990,0,0,0,0,0,1973,0,17,"os",0
"1070","os_072",5,1992,0,0,0,0,0,1973,0,19,"os",0
"1071","os_072",6,1994,0,0,0,0,0,1973,0,21,"os",0
"1072","os_072",7,1996,0,0,0,0,0,1973,0,23,"os",0
"1073","os_072",7.5,1998,0,0,0,0,0,1973,0,25,"os",0
"1074","os_072",8,2001,0,0,0,0,0,1973,0,28,"os",0
"1075","os_072",9,2003,0,0,0,0,0,1973,0,30,"os",0
"1076","os_072",11,2005,0,0,0,0,0,1973,0,32,"os",0
"1077","os_072",13,2007,0,0,0,0,0,1973,0,34,"os",0
"1078","os_072",13.5,2008,0,0,0,0,0,1973,0,35,"os",0
"1079","os_072",15,2009,90,0,1,1,90,2009,90,0,"os",0.9
"1080","os_072",16,2013,0,90,0,1,90,2009,0,4,"os",0.9
"1081","os_073",1,1987,0,0,0,0,0,1973,0,14,"os",0
"1082","os_073",3,1988,0,0,0,0,0,1973,0,15,"os",0
"1083","os_073",3.5,1989,0,0,0,0,0,1973,0,16,"os",0
"1084","os_073",4,1990,0,0,0,0,0,1973,0,17,"os",0
"1085","os_073",5,1992,0,0,0,0,0,1973,0,19,"os",0
"1086","os_073",6,1994,0,0,0,0,0,1973,0,21,"os",0
"1087","os_073",7,1996,0,0,0,0,0,1973,0,23,"os",0
"1088","os_073",7.5,1998,0,0,0,0,0,1973,0,25,"os",0
"1089","os_073",8,2001,0,0,0,0,0,1973,0,28,"os",0
"1090","os_073",9,2003,0,0,0,0,0,1973,0,30,"os",0
"1091","os_073",11,2005,0,0,0,0,0,1973,0,32,"os",0
"1092","os_073",13,2007,0,0,0,0,0,1973,0,34,"os",0
"1093","os_073",13.5,2008,0,0,0,0,0,1973,0,35,"os",0
"1094","os_073",15,2009,0,0,0,0,0,1973,0,36,"os",0
"1095","os_073",16,2013,0,0,0,0,0,1973,0,40,"os",0
"1096","os_074",1,1987,0,0,0,0,0,1973,0,14,"os",0
"1097","os_074",3,1988,0,0,0,0,0,1973,0,15,"os",0
"1098","os_074",3.5,1989,0,0,0,0,0,1973,0,16,"os",0
"1099","os_074",4,1990,0,0,0,0,0,1973,0,17,"os",0
"1100","os_074",5,1992,0,0,0,0,0,1973,0,19,"os",0
"1101","os_074",6,1994,0,0,0,0,0,1973,0,21,"os",0
"1102","os_074",7,1996,0,0,0,0,0,1973,0,23,"os",0
"1103","os_074",7.5,1998,0,0,0,0,0,1973,0,25,"os",0
"1104","os_074",8,2001,0,0,0,0,0,1973,0,28,"os",0
"1105","os_074",9,2003,0,0,0,0,0,1973,0,30,"os",0
"1106","os_074",11,2005,0,0,0,0,0,1973,0,32,"os",0
"1107","os_074",13,2007,0,0,0,0,0,1973,0,34,"os",0
"1108","os_074",13.5,2008,0,0,0,0,0,1973,0,35,"os",0
"1109","os_074",15,2009,0,0,0,0,0,1973,0,36,"os",0
"1110","os_074",16,2013,0,0,0,0,0,1973,0,40,"os",0
"1111","os_075",1,1987,0,0,0,0,0,1973,0,14,"os",0
"1112","os_075",3,1988,0,0,0,0,0,1973,0,15,"os",0
"1113","os_075",3.5,1989,0,0,0,0,0,1973,0,16,"os",0
"1114","os_075",4,1990,0,0,0,0,0,1973,0,17,"os",0
"1115","os_075",5,1992,0,0,0,0,0,1973,0,19,"os",0
"1116","os_075",6,1994,0,0,0,0,0,1973,0,21,"os",0
"1117","os_075",7,1996,0,0,0,0,0,1973,0,23,"os",0
"1118","os_075",7.5,1998,0,0,0,0,0,1973,0,25,"os",0
"1119","os_075",8,2001,0,0,0,0,0,1973,0,28,"os",0
"1120","os_075",9,2003,0,0,0,0,0,1973,0,30,"os",0
"1121","os_075",11,2005,0,0,0,0,0,1973,0,32,"os",0
"1122","os_075",13,2007,0,0,0,0,0,1973,0,34,"os",0
"1123","os_075",13.5,2008,0,0,0,0,0,1973,0,35,"os",0
"1124","os_075",15,2009,0,0,0,0,0,1973,0,36,"os",0
"1125","os_075",16,2013,0,0,0,0,0,1973,0,40,"os",0
"1126","os_076",1,1987,0,0,0,0,0,1973,0,14,"os",0
"1127","os_076",3,1988,0,0,0,0,0,1973,0,15,"os",0
"1128","os_076",3.5,1989,0,0,0,0,0,1973,0,16,"os",0
"1129","os_076",4,1990,0,0,0,0,0,1973,0,17,"os",0
"1130","os_076",5,1992,0,0,0,0,0,1973,0,19,"os",0
"1131","os_076",6,1994,0,0,0,0,0,1973,0,21,"os",0
"1132","os_076",7,1996,0,0,0,0,0,1973,0,23,"os",0
"1133","os_076",7.5,1998,0,0,0,0,0,1973,0,25,"os",0
"1134","os_076",8,2001,0,0,0,0,0,1973,0,28,"os",0
"1135","os_076",9,2003,0,0,0,0,0,1973,0,30,"os",0
"1136","os_076",11,2005,0,0,0,0,0,1973,0,32,"os",0
"1137","os_076",13,2007,0,0,0,0,0,1973,0,34,"os",0
"1138","os_076",13.5,2008,0,0,0,0,0,1973,0,35,"os",0
"1139","os_076",15,2009,0,0,0,0,0,1973,0,36,"os",0
"1140","os_076",16,2013,0,0,0,0,0,1973,0,40,"os",0
"1141","os_077",1,1987,0,0,0,0,0,1973,0,14,"os",0
"1142","os_077",3,1988,0,0,0,0,0,1973,0,15,"os",0
"1143","os_077",3.5,1989,0,0,0,0,0,1973,0,16,"os",0
"1144","os_077",4,1990,0,0,0,0,0,1973,0,17,"os",0
"1145","os_077",5,1992,0,0,0,0,0,1973,0,19,"os",0
"1146","os_077",6,1994,0,0,0,0,0,1973,0,21,"os",0
"1147","os_077",7,1996,0,0,0,0,0,1973,0,23,"os",0
"1148","os_077",7.5,1998,0,0,0,0,0,1973,0,25,"os",0
"1149","os_077",8,2001,0,0,0,0,0,1973,0,28,"os",0
"1150","os_077",9,2003,0,0,0,0,0,1973,0,30,"os",0
"1151","os_077",11,2005,0,0,0,0,0,1973,0,32,"os",0
"1152","os_077",13,2007,0,0,0,0,0,1973,0,34,"os",0
"1153","os_077",13.5,2008,0,0,0,0,0,1973,0,35,"os",0
"1154","os_077",15,2009,10,0,0,0,10,1973,10,36,"os",0.1
"1155","os_077",16,2013,0,10,0,0,10,1973,0,40,"os",0.1
"1156","os_078",1,1987,0,0,0,0,0,1973,0,14,"os",0
"1157","os_078",3,1988,0,0,0,0,0,1973,0,15,"os",0
"1158","os_078",3.5,1989,0,0,0,0,0,1973,0,16,"os",0
"1159","os_078",4,1990,0,0,0,0,0,1973,0,17,"os",0
"1160","os_078",5,1992,0,0,0,0,0,1973,0,19,"os",0
"1161","os_078",6,1994,0,0,0,0,0,1973,0,21,"os",0
"1162","os_078",7,1996,0,0,0,0,0,1973,0,23,"os",0
"1163","os_078",7.5,1998,0,0,0,0,0,1973,0,25,"os",0
"1164","os_078",8,2001,0,0,0,0,0,1973,0,28,"os",0
"1165","os_078",9,2003,0,0,0,0,0,1973,0,30,"os",0
"1166","os_078",11,2005,0,0,0,0,0,1973,0,32,"os",0
"1167","os_078",13,2007,0,0,0,0,0,1973,0,34,"os",0
"1168","os_078",13.5,2008,0,0,0,0,0,1973,0,35,"os",0
"1169","os_078",15,2009,0,0,0,0,0,1973,0,36,"os",0
"1170","os_078",16,2013,0,0,0,0,0,1973,0,40,"os",0
"1171","os_079",1,1987,0,0,0,0,0,1973,0,14,"os",0
"1172","os_079",3,1988,0,0,0,0,0,1973,0,15,"os",0
"1173","os_079",3.5,1989,0,0,0,0,0,1973,0,16,"os",0
"1174","os_079",4,1990,0,0,0,0,0,1973,0,17,"os",0
"1175","os_079",5,1992,0,0,0,0,0,1973,0,19,"os",0
"1176","os_079",6,1994,0,0,0,0,0,1973,0,21,"os",0
"1177","os_079",7,1996,0,0,0,0,0,1973,0,23,"os",0
"1178","os_079",7.5,1998,0,0,0,0,0,1973,0,25,"os",0
"1179","os_079",8,2001,0,0,0,0,0,1973,0,28,"os",0
"1180","os_079",9,2003,0,0,0,0,0,1973,0,30,"os",0
"1181","os_079",11,2005,0,0,0,0,0,1973,0,32,"os",0
"1182","os_079",13,2007,0,0,0,0,0,1973,0,34,"os",0
"1183","os_079",13.5,2008,0,0,0,0,0,1973,0,35,"os",0
"1184","os_079",15,2009,0,0,0,0,0,1973,0,36,"os",0
"1185","os_079",16,2013,0,0,0,0,0,1973,0,40,"os",0
"1186","os_080",1,1987,0,0,0,0,0,1973,0,14,"os",0
"1187","os_080",3,1988,0,0,0,0,0,1973,0,15,"os",0
"1188","os_080",3.5,1989,0,0,0,0,0,1973,0,16,"os",0
"1189","os_080",4,1990,0,0,0,0,0,1973,0,17,"os",0
"1190","os_080",5,1992,0,0,0,0,0,1973,0,19,"os",0
"1191","os_080",6,1994,0,0,0,0,0,1973,0,21,"os",0
"1192","os_080",7,1996,0,0,0,0,0,1973,0,23,"os",0
"1193","os_080",7.5,1998,0,0,0,0,0,1973,0,25,"os",0
"1194","os_080",8,2001,0,0,0,0,0,1973,0,28,"os",0
"1195","os_080",9,2003,0,0,0,0,0,1973,0,30,"os",0
"1196","os_080",11,2005,0,0,0,0,0,1973,0,32,"os",0
"1197","os_080",13,2007,0,0,0,0,0,1973,0,34,"os",0
"1198","os_080",13.5,2008,0,0,0,0,0,1973,0,35,"os",0
"1199","os_080",15,2009,0,0,0,0,0,1973,0,36,"os",0
"1200","os_080",16,2013,0,0,0,0,0,1973,0,40,"os",0
"1201","os_081",1,1987,0,0,0,0,0,1973,0,14,"os",0
"1202","os_081",3,1988,0,0,0,0,0,1973,0,15,"os",0
"1203","os_081",3.5,1989,0,0,0,0,0,1973,0,16,"os",0
"1204","os_081",4,1990,0,0,0,0,0,1973,0,17,"os",0
"1205","os_081",5,1992,0,0,0,0,0,1973,0,19,"os",0
"1206","os_081",6,1994,0,0,0,0,0,1973,0,21,"os",0
"1207","os_081",7,1996,0,0,0,0,0,1973,0,23,"os",0
"1208","os_081",7.5,1998,0,0,0,0,0,1973,0,25,"os",0
"1209","os_081",8,2001,0,0,0,0,0,1973,0,28,"os",0
"1210","os_081",9,2003,0,0,0,0,0,1973,0,30,"os",0
"1211","os_081",11,2005,0,0,0,0,0,1973,0,32,"os",0
"1212","os_081",13,2007,0,0,0,0,0,1973,0,34,"os",0
"1213","os_081",13.5,2008,0,0,0,0,0,1973,0,35,"os",0
"1214","os_081",15,2009,0,0,0,0,0,1973,0,36,"os",0
"1215","os_081",16,2013,0,0,0,0,0,1973,0,40,"os",0
"1216","os_082",1,1987,0,0,0,0,0,1973,0,14,"os",0
"1217","os_082",3,1988,0,0,0,0,0,1973,0,15,"os",0
"1218","os_082",3.5,1989,0,0,0,0,0,1973,0,16,"os",0
"1219","os_082",4,1990,0,0,0,0,0,1973,0,17,"os",0
"1220","os_082",5,1992,0,0,0,0,0,1973,0,19,"os",0
"1221","os_082",6,1994,0,0,0,0,0,1973,0,21,"os",0
"1222","os_082",7,1996,0,0,0,0,0,1973,0,23,"os",0
"1223","os_082",7.5,1998,0,0,0,0,0,1973,0,25,"os",0
"1224","os_082",8,2001,0,0,0,0,0,1973,0,28,"os",0
"1225","os_082",9,2003,0,0,0,0,0,1973,0,30,"os",0
"1226","os_082",11,2005,0,0,0,0,0,1973,0,32,"os",0
"1227","os_082",13,2007,0,0,0,0,0,1973,0,34,"os",0
"1228","os_082",13.5,2008,0,0,0,0,0,1973,0,35,"os",0
"1229","os_082",15,2009,0,0,0,0,0,1973,0,36,"os",0
"1230","os_082",16,2013,0,0,0,0,0,1973,0,40,"os",0
"1231","os_083",1,1987,0,0,0,0,0,1973,0,14,"os",0
"1232","os_083",3,1988,0,0,0,0,0,1973,0,15,"os",0
"1233","os_083",3.5,1989,0,0,0,0,0,1973,0,16,"os",0
"1234","os_083",4,1990,0,0,0,0,0,1973,0,17,"os",0
"1235","os_083",5,1992,0,0,0,0,0,1973,0,19,"os",0
"1236","os_083",6,1994,0,0,0,0,0,1973,0,21,"os",0
"1237","os_083",7,1996,0,0,0,0,0,1973,0,23,"os",0
"1238","os_083",7.5,1998,0,0,0,0,0,1973,0,25,"os",0
"1239","os_083",8,2001,0,0,0,0,0,1973,0,28,"os",0
"1240","os_083",9,2003,0,0,0,0,0,1973,0,30,"os",0
"1241","os_083",11,2005,0,0,0,0,0,1973,0,32,"os",0
"1242","os_083",13,2007,0,0,0,0,0,1973,0,34,"os",0
"1243","os_083",13.5,2008,0,0,0,0,0,1973,0,35,"os",0
"1244","os_083",15,2009,0,0,0,0,0,1973,0,36,"os",0
"1245","os_083",16,2013,0,0,0,0,0,1973,0,40,"os",0
"1246","os_084",1,1987,0,0,0,0,0,1973,0,14,"os",0
"1247","os_084",3,1988,0,0,0,0,0,1973,0,15,"os",0
"1248","os_084",3.5,1989,0,0,0,0,0,1973,0,16,"os",0
"1249","os_084",4,1990,0,0,0,0,0,1973,0,17,"os",0
"1250","os_084",5,1992,0,0,0,0,0,1973,0,19,"os",0
"1251","os_084",6,1994,0,0,0,0,0,1973,0,21,"os",0
"1252","os_084",7,1996,0,0,0,0,0,1973,0,23,"os",0
"1253","os_084",7.5,1998,0,0,0,0,0,1973,0,25,"os",0
"1254","os_084",8,2001,0,0,0,0,0,1973,0,28,"os",0
"1255","os_084",9,2003,0,0,0,0,0,1973,0,30,"os",0
"1256","os_084",11,2005,0,0,0,0,0,1973,0,32,"os",0
"1257","os_084",13,2007,0,0,0,0,0,1973,0,34,"os",0
"1258","os_084",13.5,2008,0,0,0,0,0,1973,0,35,"os",0
"1259","os_084",15,2009,0,0,0,0,0,1973,0,36,"os",0
"1260","os_084",16,2013,0,0,0,0,0,1973,0,40,"os",0
"1261","os_085",1,1987,0,0,0,0,0,1973,0,14,"os",0
"1262","os_085",3,1988,0,0,0,0,0,1973,0,15,"os",0
"1263","os_085",3.5,1989,0,0,0,0,0,1973,0,16,"os",0
"1264","os_085",4,1990,0,0,0,0,0,1973,0,17,"os",0
"1265","os_085",5,1992,0,0,0,0,0,1973,0,19,"os",0
"1266","os_085",6,1994,0,0,0,0,0,1973,0,21,"os",0
"1267","os_085",7,1996,0,0,0,0,0,1973,0,23,"os",0
"1268","os_085",7.5,1998,0,0,0,0,0,1973,0,25,"os",0
"1269","os_085",8,2001,0,0,0,0,0,1973,0,28,"os",0
"1270","os_085",9,2003,0,0,0,0,0,1973,0,30,"os",0
"1271","os_085",11,2005,0,0,0,0,0,1973,0,32,"os",0
"1272","os_085",13,2007,0,0,0,0,0,1973,0,34,"os",0
"1273","os_085",13.5,2008,0,0,0,0,0,1973,0,35,"os",0
"1274","os_085",15,2009,100,0,1,1,100,2009,100,0,"os",1
"1275","os_085",16,2013,0,100,0,1,100,2009,0,4,"os",1
"1276","os_086",1,1987,0,0,0,0,0,1973,0,14,"os",0
"1277","os_086",3,1988,0,0,0,0,0,1973,0,15,"os",0
"1278","os_086",3.5,1989,0,0,0,0,0,1973,0,16,"os",0
"1279","os_086",4,1990,0,0,0,0,0,1973,0,17,"os",0
"1280","os_086",5,1992,0,0,0,0,0,1973,0,19,"os",0
"1281","os_086",6,1994,0,0,0,0,0,1973,0,21,"os",0
"1282","os_086",7,1996,0,0,0,0,0,1973,0,23,"os",0
"1283","os_086",7.5,1998,0,0,0,0,0,1973,0,25,"os",0
"1284","os_086",8,2001,0,0,0,0,0,1973,0,28,"os",0
"1285","os_086",9,2003,0,0,0,0,0,1973,0,30,"os",0
"1286","os_086",11,2005,0,0,0,0,0,1973,0,32,"os",0
"1287","os_086",13,2007,0,0,0,0,0,1973,0,34,"os",0
"1288","os_086",13.5,2008,0,0,0,0,0,1973,0,35,"os",0
"1289","os_086",15,2009,70,0,1,1,70,2009,70,0,"os",0.7
"1290","os_086",16,2013,0,70,0,1,70,2009,0,4,"os",0.7
"1291","os_087",1,1987,0,0,0,0,0,1973,0,14,"os",0
"1292","os_087",3,1988,0,0,0,0,0,1973,0,15,"os",0
"1293","os_087",3.5,1989,0,0,0,0,0,1973,0,16,"os",0
"1294","os_087",4,1990,0,0,0,0,0,1973,0,17,"os",0
"1295","os_087",5,1992,0,0,0,0,0,1973,0,19,"os",0
"1296","os_087",6,1994,0,0,0,0,0,1973,0,21,"os",0
"1297","os_087",7,1996,0,0,0,0,0,1973,0,23,"os",0
"1298","os_087",7.5,1998,0,0,0,0,0,1973,0,25,"os",0
"1299","os_087",8,2001,0,0,0,0,0,1973,0,28,"os",0
"1300","os_087",9,2003,0,0,0,0,0,1973,0,30,"os",0
"1301","os_087",11,2005,0,0,0,0,0,1973,0,32,"os",0
"1302","os_087",13,2007,0,0,0,0,0,1973,0,34,"os",0
"1303","os_087",13.5,2008,0,0,0,0,0,1973,0,35,"os",0
"1304","os_087",15,2009,0,0,0,0,0,1973,0,36,"os",0
"1305","os_087",16,2013,0,0,0,0,0,1973,0,40,"os",0
"1306","os_088",1,1987,0,0,0,0,0,1973,0,14,"os",0
"1307","os_088",3,1988,0,0,0,0,0,1973,0,15,"os",0
"1308","os_088",3.5,1989,0,0,0,0,0,1973,0,16,"os",0
"1309","os_088",4,1990,0,0,0,0,0,1973,0,17,"os",0
"1310","os_088",5,1992,0,0,0,0,0,1973,0,19,"os",0
"1311","os_088",6,1994,0,0,0,0,0,1973,0,21,"os",0
"1312","os_088",7,1996,0,0,0,0,0,1973,0,23,"os",0
"1313","os_088",7.5,1998,0,0,0,0,0,1973,0,25,"os",0
"1314","os_088",8,2001,0,0,0,0,0,1973,0,28,"os",0
"1315","os_088",9,2003,0,0,0,0,0,1973,0,30,"os",0
"1316","os_088",11,2005,0,0,0,0,0,1973,0,32,"os",0
"1317","os_088",13,2007,0,0,0,0,0,1973,0,34,"os",0
"1318","os_088",13.5,2008,0,0,0,0,0,1973,0,35,"os",0
"1319","os_088",15,2009,0,0,0,0,0,1973,0,36,"os",0
"1320","os_088",16,2013,0,0,0,0,0,1973,0,40,"os",0
"1321","os_089",1,1987,0,0,0,0,0,1973,0,14,"os",0
"1322","os_089",3,1988,0,0,0,0,0,1973,0,15,"os",0
"1323","os_089",3.5,1989,0,0,0,0,0,1973,0,16,"os",0
"1324","os_089",4,1990,0,0,0,0,0,1973,0,17,"os",0
"1325","os_089",5,1992,0,0,0,0,0,1973,0,19,"os",0
"1326","os_089",6,1994,0,0,0,0,0,1973,0,21,"os",0
"1327","os_089",7,1996,0,0,0,0,0,1973,0,23,"os",0
"1328","os_089",7.5,1998,0,0,0,0,0,1973,0,25,"os",0
"1329","os_089",8,2001,0,0,0,0,0,1973,0,28,"os",0
"1330","os_089",9,2003,0,0,0,0,0,1973,0,30,"os",0
"1331","os_089",11,2005,0,0,0,0,0,1973,0,32,"os",0
"1332","os_089",13,2007,0,0,0,0,0,1973,0,34,"os",0
"1333","os_089",13.5,2008,0,0,0,0,0,1973,0,35,"os",0
"1334","os_089",15,2009,100,0,1,1,100,2009,100,0,"os",1
"1335","os_089",16,2013,0,100,0,1,100,2009,0,4,"os",1
"1336","os_090",1,1987,0,0,0,0,0,1973,0,14,"os",0
"1337","os_090",3,1988,0,0,0,0,0,1973,0,15,"os",0
"1338","os_090",3.5,1989,0,0,0,0,0,1973,0,16,"os",0
"1339","os_090",4,1990,0,0,0,0,0,1973,0,17,"os",0
"1340","os_090",5,1992,0,0,0,0,0,1973,0,19,"os",0
"1341","os_090",6,1994,0,0,0,0,0,1973,0,21,"os",0
"1342","os_090",7,1996,0,0,0,0,0,1973,0,23,"os",0
"1343","os_090",7.5,1998,0,0,0,0,0,1973,0,25,"os",0
"1344","os_090",8,2001,0,0,0,0,0,1973,0,28,"os",0
"1345","os_090",9,2003,0,0,0,0,0,1973,0,30,"os",0
"1346","os_090",11,2005,0,0,0,0,0,1973,0,32,"os",0
"1347","os_090",13,2007,0,0,0,0,0,1973,0,34,"os",0
"1348","os_090",13.5,2008,0,0,0,0,0,1973,0,35,"os",0
"1349","os_090",15,2009,0,0,0,0,0,1973,0,36,"os",0
"1350","os_090",16,2013,0,0,0,0,0,1973,0,40,"os",0
"1351","os_091",1,1987,0,0,0,0,0,1973,0,14,"os",0
"1352","os_091",3,1988,0,0,0,0,0,1973,0,15,"os",0
"1353","os_091",3.5,1989,0,0,0,0,0,1973,0,16,"os",0
"1354","os_091",4,1990,0,0,0,0,0,1973,0,17,"os",0
"1355","os_091",5,1992,0,0,0,0,0,1973,0,19,"os",0
"1356","os_091",6,1994,0,0,0,0,0,1973,0,21,"os",0
"1357","os_091",7,1996,0,0,0,0,0,1973,0,23,"os",0
"1358","os_091",7.5,1998,0,0,0,0,0,1973,0,25,"os",0
"1359","os_091",8,2001,0,0,0,0,0,1973,0,28,"os",0
"1360","os_091",9,2003,0,0,0,0,0,1973,0,30,"os",0
"1361","os_091",11,2005,0,0,0,0,0,1973,0,32,"os",0
"1362","os_091",13,2007,0,0,0,0,0,1973,0,34,"os",0
"1363","os_091",13.5,2008,0,0,0,0,0,1973,0,35,"os",0
"1364","os_091",15,2009,0,0,0,0,0,1973,0,36,"os",0
"1365","os_091",16,2013,0,0,0,0,0,1973,0,40,"os",0
"1366","os_092",1,1987,0,0,0,0,0,1973,0,14,"os",0
"1367","os_092",3,1988,0,0,0,0,0,1973,0,15,"os",0
"1368","os_092",3.5,1989,0,0,0,0,0,1973,0,16,"os",0
"1369","os_092",4,1990,0,0,0,0,0,1973,0,17,"os",0
"1370","os_092",5,1992,0,0,0,0,0,1973,0,19,"os",0
"1371","os_092",6,1994,0,0,0,0,0,1973,0,21,"os",0
"1372","os_092",7,1996,0,0,0,0,0,1973,0,23,"os",0
"1373","os_092",7.5,1998,0,0,0,0,0,1973,0,25,"os",0
"1374","os_092",8,2001,0,0,0,0,0,1973,0,28,"os",0
"1375","os_092",9,2003,0,0,0,0,0,1973,0,30,"os",0
"1376","os_092",11,2005,0,0,0,0,0,1973,0,32,"os",0
"1377","os_092",13,2007,0,0,0,0,0,1973,0,34,"os",0
"1378","os_092",13.5,2008,0,0,0,0,0,1973,0,35,"os",0
"1379","os_092",15,2009,0,0,0,0,0,1973,0,36,"os",0
"1380","os_092",16,2013,0,0,0,0,0,1973,0,40,"os",0
"1381","os_093",1,1987,0,0,0,0,0,1973,0,14,"os",0
"1382","os_093",3,1988,0,0,0,0,0,1973,0,15,"os",0
"1383","os_093",3.5,1989,0,0,0,0,0,1973,0,16,"os",0
"1384","os_093",4,1990,0,0,0,0,0,1973,0,17,"os",0
"1385","os_093",5,1992,0,0,0,0,0,1973,0,19,"os",0
"1386","os_093",6,1994,0,0,0,0,0,1973,0,21,"os",0
"1387","os_093",7,1996,0,0,0,0,0,1973,0,23,"os",0
"1388","os_093",7.5,1998,0,0,0,0,0,1973,0,25,"os",0
"1389","os_093",8,2001,0,0,0,0,0,1973,0,28,"os",0
"1390","os_093",9,2003,0,0,0,0,0,1973,0,30,"os",0
"1391","os_093",11,2005,0,0,0,0,0,1973,0,32,"os",0
"1392","os_093",13,2007,0,0,0,0,0,1973,0,34,"os",0
"1393","os_093",13.5,2008,0,0,0,0,0,1973,0,35,"os",0
"1394","os_093",15,2009,0,0,0,0,0,1973,0,36,"os",0
"1395","os_093",16,2013,0,0,0,0,0,1973,0,40,"os",0
"1396","os_094",1,1987,0,0,0,0,0,1973,0,14,"os",0
"1397","os_094",3,1988,0,0,0,0,0,1973,0,15,"os",0
"1398","os_094",3.5,1989,0,0,0,0,0,1973,0,16,"os",0
"1399","os_094",4,1990,0,0,0,0,0,1973,0,17,"os",0
"1400","os_094",5,1992,0,0,0,0,0,1973,0,19,"os",0
"1401","os_094",6,1994,0,0,0,0,0,1973,0,21,"os",0
"1402","os_094",7,1996,0,0,0,0,0,1973,0,23,"os",0
"1403","os_094",7.5,1998,0,0,0,0,0,1973,0,25,"os",0
"1404","os_094",8,2001,0,0,0,0,0,1973,0,28,"os",0
"1405","os_094",9,2003,0,0,0,0,0,1973,0,30,"os",0
"1406","os_094",11,2005,0,0,0,0,0,1973,0,32,"os",0
"1407","os_094",13,2007,0,0,0,0,0,1973,0,34,"os",0
"1408","os_094",13.5,2008,0,0,0,0,0,1973,0,35,"os",0
"1409","os_094",15,2009,0,0,0,0,0,1973,0,36,"os",0
"1410","os_094",16,2013,0,0,0,0,0,1973,0,40,"os",0
"1411","os_095",1,1987,0,0,0,0,0,1973,0,14,"os",0
"1412","os_095",3,1988,0,0,0,0,0,1973,0,15,"os",0
"1413","os_095",3.5,1989,0,0,0,0,0,1973,0,16,"os",0
"1414","os_095",4,1990,0,0,0,0,0,1973,0,17,"os",0
"1415","os_095",5,1992,0,0,0,0,0,1973,0,19,"os",0
"1416","os_095",6,1994,0,0,0,0,0,1973,0,21,"os",0
"1417","os_095",7,1996,0,0,0,0,0,1973,0,23,"os",0
"1418","os_095",7.5,1998,0,0,0,0,0,1973,0,25,"os",0
"1419","os_095",8,2001,0,0,0,0,0,1973,0,28,"os",0
"1420","os_095",9,2003,0,0,0,0,0,1973,0,30,"os",0
"1421","os_095",11,2005,0,0,0,0,0,1973,0,32,"os",0
"1422","os_095",13,2007,0,0,0,0,0,1973,0,34,"os",0
"1423","os_095",13.5,2008,0,0,0,0,0,1973,0,35,"os",0
"1424","os_095",15,2009,0,0,0,0,0,1973,0,36,"os",0
"1425","os_095",16,2013,0,0,0,0,0,1973,0,40,"os",0
"1426","os_096",1,1987,0,0,0,0,0,1973,0,14,"os",0
"1427","os_096",3,1988,0,0,0,0,0,1973,0,15,"os",0
"1428","os_096",3.5,1989,0,0,0,0,0,1973,0,16,"os",0
"1429","os_096",4,1990,0,0,0,0,0,1973,0,17,"os",0
"1430","os_096",5,1992,0,0,0,0,0,1973,0,19,"os",0
"1431","os_096",6,1994,0,0,0,0,0,1973,0,21,"os",0
"1432","os_096",7,1996,0,0,0,0,0,1973,0,23,"os",0
"1433","os_096",7.5,1998,0,0,0,0,0,1973,0,25,"os",0
"1434","os_096",8,2001,0,0,0,0,0,1973,0,28,"os",0
"1435","os_096",9,2003,0,0,0,0,0,1973,0,30,"os",0
"1436","os_096",11,2005,0,0,0,0,0,1973,0,32,"os",0
"1437","os_096",13,2007,0,0,0,0,0,1973,0,34,"os",0
"1438","os_096",13.5,2008,0,0,0,0,0,1973,0,35,"os",0
"1439","os_096",15,2009,0,0,0,0,0,1973,0,36,"os",0
"1440","os_096",16,2013,0,0,0,0,0,1973,0,40,"os",0
"1441","os_097",1,1987,0,0,0,0,0,1973,0,14,"os",0
"1442","os_097",3,1988,0,0,0,0,0,1973,0,15,"os",0
"1443","os_097",3.5,1989,0,0,0,0,0,1973,0,16,"os",0
"1444","os_097",4,1990,0,0,0,0,0,1973,0,17,"os",0
"1445","os_097",5,1992,0,0,0,0,0,1973,0,19,"os",0
"1446","os_097",6,1994,0,0,0,0,0,1973,0,21,"os",0
"1447","os_097",7,1996,0,0,0,0,0,1973,0,23,"os",0
"1448","os_097",7.5,1998,0,0,0,0,0,1973,0,25,"os",0
"1449","os_097",8,2001,100,0,1,1,100,2001,100,0,"os",1
"1450","os_097",9,2003,0,100,0,1,100,2001,100,2,"os",1
"1451","os_097",11,2005,0,0,0,1,100,2001,0,4,"os",1
"1452","os_097",13,2007,0,0,0,1,100,2001,0,6,"os",1
"1453","os_097",13.5,2008,0,0,0,1,100,2001,0,7,"os",1
"1454","os_097",15,2009,90,0,1,2,190,2009,90,0,"os",1.9
"1455","os_097",16,2013,0,90,0,2,190,2009,0,4,"os",1.9
"1456","os_098",1,1987,0,0,0,0,0,1973,0,14,"os",0
"1457","os_098",3,1988,0,0,0,0,0,1973,0,15,"os",0
"1458","os_098",3.5,1989,0,0,0,0,0,1973,0,16,"os",0
"1459","os_098",4,1990,0,0,0,0,0,1973,0,17,"os",0
"1460","os_098",5,1992,30,0,1,1,30,1992,30,0,"os",0.3
"1461","os_098",6,1994,0,30,0,1,30,1992,30,2,"os",0.3
"1462","os_098",7,1996,0,0,0,1,30,1992,0,4,"os",0.3
"1463","os_098",7.5,1998,0,0,0,1,30,1992,0,6,"os",0.3
"1464","os_098",8,2001,100,0,1,2,130,2001,100,0,"os",1.3
"1465","os_098",9,2003,0,100,0,2,130,2001,100,2,"os",1.3
"1466","os_098",11,2005,0,0,0,2,130,2001,0,4,"os",1.3
"1467","os_098",13,2007,0,0,0,2,130,2001,0,6,"os",1.3
"1468","os_098",13.5,2008,0,0,0,2,130,2001,0,7,"os",1.3
"1469","os_098",15,2009,90,0,1,3,220,2009,90,0,"os",2.2
"1470","os_098",16,2013,0,90,0,3,220,2009,0,4,"os",2.2
"1471","os_099",1,1987,0,0,0,0,0,1973,0,14,"os",0
"1472","os_099",3,1988,0,0,0,0,0,1973,0,15,"os",0
"1473","os_099",3.5,1989,0,0,0,0,0,1973,0,16,"os",0
"1474","os_099",4,1990,0,0,0,0,0,1973,0,17,"os",0
"1475","os_099",5,1992,100,0,1,1,100,1992,100,0,"os",1
"1476","os_099",6,1994,0,100,0,1,100,1992,100,2,"os",1
"1477","os_099",7,1996,0,0,0,1,100,1992,0,4,"os",1
"1478","os_099",7.5,1998,0,0,0,1,100,1992,0,6,"os",1
"1479","os_099",8,2001,100,0,1,2,200,2001,100,0,"os",2
"1480","os_099",9,2003,0,100,0,2,200,2001,100,2,"os",2
"1481","os_099",11,2005,0,0,0,2,200,2001,0,4,"os",2
"1482","os_099",13,2007,0,0,0,2,200,2001,0,6,"os",2
"1483","os_099",13.5,2008,0,0,0,2,200,2001,0,7,"os",2
"1484","os_099",15,2009,50,0,1,3,250,2009,50,0,"os",2.5
"1485","os_099",16,2013,0,50,0,3,250,2009,0,4,"os",2.5
"1486","os_100",1,1987,0,0,0,0,0,1973,0,14,"os",0
"1487","os_100",3,1988,0,0,0,0,0,1973,0,15,"os",0
"1488","os_100",3.5,1989,0,0,0,0,0,1973,0,16,"os",0
"1489","os_100",4,1990,0,0,0,0,0,1973,0,17,"os",0
"1490","os_100",5,1992,100,0,1,1,100,1992,100,0,"os",1
"1491","os_100",6,1994,0,100,0,1,100,1992,100,2,"os",1
"1492","os_100",7,1996,0,0,0,1,100,1992,0,4,"os",1
"1493","os_100",7.5,1998,0,0,0,1,100,1992,0,6,"os",1
"1494","os_100",8,2001,100,0,1,2,200,2001,100,0,"os",2
"1495","os_100",9,2003,0,100,0,2,200,2001,100,2,"os",2
"1496","os_100",11,2005,10,0,0,2,210,2001,10,4,"os",2.1
"1497","os_100",13,2007,0,10,0,2,210,2001,10,6,"os",2.1
"1498","os_100",13.5,2008,0,0,0,2,210,2001,10,7,"os",2.1
"1499","os_100",15,2009,0,0,0,2,210,2001,0,8,"os",2.1
"1500","os_100",16,2013,0,0,0,2,210,2001,0,12,"os",2.1
"1501","os_101",1,1987,0,0,0,0,0,1973,0,14,"os",0
"1502","os_101",3,1988,0,0,0,0,0,1973,0,15,"os",0
"1503","os_101",3.5,1989,0,0,0,0,0,1973,0,16,"os",0
"1504","os_101",4,1990,0,0,0,0,0,1973,0,17,"os",0
"1505","os_101",5,1992,70,0,1,1,70,1992,70,0,"os",0.7
"1506","os_101",6,1994,0,70,0,1,70,1992,70,2,"os",0.7
"1507","os_101",7,1996,0,0,0,1,70,1992,0,4,"os",0.7
"1508","os_101",7.5,1998,0,0,0,1,70,1992,0,6,"os",0.7
"1509","os_101",8,2001,100,0,1,2,170,2001,100,0,"os",1.7
"1510","os_101",9,2003,0,100,0,2,170,2001,100,2,"os",1.7
"1511","os_101",11,2005,30,0,1,3,200,2005,30,0,"os",2
"1512","os_101",13,2007,0,30,0,3,200,2005,30,2,"os",2
"1513","os_101",13.5,2008,0,0,0,3,200,2005,30,3,"os",2
"1514","os_101",15,2009,60,0,1,4,260,2009,60,0,"os",2.6
"1515","os_101",16,2013,0,60,0,4,260,2009,0,4,"os",2.6
"1516","os_102",1,1987,0,0,0,0,0,1973,0,14,"os",0
"1517","os_102",3,1988,0,0,0,0,0,1973,0,15,"os",0
"1518","os_102",3.5,1989,0,0,0,0,0,1973,0,16,"os",0
"1519","os_102",4,1990,0,0,0,0,0,1973,0,17,"os",0
"1520","os_102",5,1992,0,0,0,0,0,1973,0,19,"os",0
"1521","os_102",6,1994,0,0,0,0,0,1973,0,21,"os",0
"1522","os_102",7,1996,0,0,0,0,0,1973,0,23,"os",0
"1523","os_102",7.5,1998,0,0,0,0,0,1973,0,25,"os",0
"1524","os_102",8,2001,0,0,0,0,0,1973,0,28,"os",0
"1525","os_102",9,2003,0,0,0,0,0,1973,0,30,"os",0
"1526","os_102",11,2005,0,0,0,0,0,1973,0,32,"os",0
"1527","os_102",13,2007,0,0,0,0,0,1973,0,34,"os",0
"1528","os_102",13.5,2008,0,0,0,0,0,1973,0,35,"os",0
"1529","os_102",15,2009,0,0,0,0,0,1973,0,36,"os",0
"1530","os_102",16,2013,0,0,0,0,0,1973,0,40,"os",0
"1531","os_103",1,1987,0,0,0,0,0,1973,0,14,"os",0
"1532","os_103",3,1988,0,0,0,0,0,1973,0,15,"os",0
"1533","os_103",3.5,1989,0,0,0,0,0,1973,0,16,"os",0
"1534","os_103",4,1990,50,0,1,1,50,1990,50,0,"os",0.5
"1535","os_103",5,1992,100,50,1,2,150,1992,150,0,"os",1.5
"1536","os_103",6,1994,0,100,0,2,150,1992,100,2,"os",1.5
"1537","os_103",7,1996,0,0,0,2,150,1992,0,4,"os",1.5
"1538","os_103",7.5,1998,0,0,0,2,150,1992,0,6,"os",1.5
"1539","os_103",8,2001,0,0,0,2,150,1992,0,9,"os",1.5
"1540","os_103",9,2003,80,0,1,3,230,2003,80,0,"os",2.3
"1541","os_103",11,2005,0,80,0,3,230,2003,80,2,"os",2.3
"1542","os_103",13,2007,0,0,0,3,230,2003,0,4,"os",2.3
"1543","os_103",13.5,2008,0,0,0,3,230,2003,0,5,"os",2.3
"1544","os_103",15,2009,30,0,1,4,260,2009,30,0,"os",2.6
"1545","os_103",16,2013,0,30,0,4,260,2009,0,4,"os",2.6
"1546","os_104",1,1987,0,0,0,0,0,1973,0,14,"os",0
"1547","os_104",3,1988,0,0,0,0,0,1973,0,15,"os",0
"1548","os_104",3.5,1989,0,0,0,0,0,1973,0,16,"os",0
"1549","os_104",4,1990,90,0,1,1,90,1990,90,0,"os",0.9
"1550","os_104",5,1992,10,90,0,1,100,1990,100,2,"os",1
"1551","os_104",6,1994,20,10,1,2,120,1994,30,0,"os",1.2
"1552","os_104",7,1996,0,20,0,2,120,1994,20,2,"os",1.2
"1553","os_104",7.5,1998,0,0,0,2,120,1994,0,4,"os",1.2
"1554","os_104",8,2001,100,0,1,3,220,2001,100,0,"os",2.2
"1555","os_104",9,2003,0,100,0,3,220,2001,100,2,"os",2.2
"1556","os_104",11,2005,10,0,0,3,230,2001,10,4,"os",2.3
"1557","os_104",13,2007,30,10,1,4,260,2007,40,0,"os",2.6
"1558","os_104",13.5,2008,0,30,0,4,260,2007,40,1,"os",2.6
"1559","os_104",15,2009,10,0,0,4,270,2007,40,2,"os",2.7
"1560","os_104",16,2013,0,10,0,4,270,2007,0,6,"os",2.7
"1561","os_105",1,1987,0,0,0,0,0,1973,0,14,"os",0
"1562","os_105",3,1988,0,0,0,0,0,1973,0,15,"os",0
"1563","os_105",3.5,1989,0,0,0,0,0,1973,0,16,"os",0
"1564","os_105",4,1990,40,0,1,1,40,1990,40,0,"os",0.4
"1565","os_105",5,1992,20,40,1,2,60,1992,60,0,"os",0.6
"1566","os_105",6,1994,20,20,1,3,80,1994,40,0,"os",0.8
"1567","os_105",7,1996,0,20,0,3,80,1994,20,2,"os",0.8
"1568","os_105",7.5,1998,0,0,0,3,80,1994,0,4,"os",0.8
"1569","os_105",8,2001,0,0,0,3,80,1994,0,7,"os",0.8
"1570","os_105",9,2003,90,0,1,4,170,2003,90,0,"os",1.7
"1571","os_105",11,2005,0,90,0,4,170,2003,90,2,"os",1.7
"1572","os_105",13,2007,0,0,0,4,170,2003,0,4,"os",1.7
"1573","os_105",13.5,2008,0,0,0,4,170,2003,0,5,"os",1.7
"1574","os_105",15,2009,60,0,1,5,230,2009,60,0,"os",2.3
"1575","os_105",16,2013,0,60,0,5,230,2009,0,4,"os",2.3
"1576","os_106",1,1987,0,0,0,0,0,1973,0,14,"os",0
"1577","os_106",3,1988,0,0,0,0,0,1973,0,15,"os",0
"1578","os_106",3.5,1989,0,0,0,0,0,1973,0,16,"os",0
"1579","os_106",4,1990,10,0,0,0,10,1973,10,17,"os",0.1
"1580","os_106",5,1992,100,10,1,1,110,1992,110,0,"os",1.1
"1581","os_106",6,1994,0,100,0,1,110,1992,100,2,"os",1.1
"1582","os_106",7,1996,0,0,0,1,110,1992,0,4,"os",1.1
"1583","os_106",7.5,1998,0,0,0,1,110,1992,0,6,"os",1.1
"1584","os_106",8,2001,0,0,0,1,110,1992,0,9,"os",1.1
"1585","os_106",9,2003,90,0,1,2,200,2003,90,0,"os",2
"1586","os_106",11,2005,0,90,0,2,200,2003,90,2,"os",2
"1587","os_106",13,2007,0,0,0,2,200,2003,0,4,"os",2
"1588","os_106",13.5,2008,0,0,0,2,200,2003,0,5,"os",2
"1589","os_106",15,2009,100,0,1,3,300,2009,100,0,"os",3
"1590","os_106",16,2013,0,100,0,3,300,2009,0,4,"os",3
"1591","os_107",1,1987,0,0,0,0,0,1973,0,14,"os",0
"1592","os_107",3,1988,0,0,0,0,0,1973,0,15,"os",0
"1593","os_107",3.5,1989,0,0,0,0,0,1973,0,16,"os",0
"1594","os_107",4,1990,0,0,0,0,0,1973,0,17,"os",0
"1595","os_107",5,1992,60,0,1,1,60,1992,60,0,"os",0.6
"1596","os_107",6,1994,0,60,0,1,60,1992,60,2,"os",0.6
"1597","os_107",7,1996,0,0,0,1,60,1992,0,4,"os",0.6
"1598","os_107",7.5,1998,0,0,0,1,60,1992,0,6,"os",0.6
"1599","os_107",8,2001,0,0,0,1,60,1992,0,9,"os",0.6
"1600","os_107",9,2003,100,0,1,2,160,2003,100,0,"os",1.6
"1601","os_107",11,2005,30,100,1,3,190,2005,130,0,"os",1.9
"1602","os_107",13,2007,0,30,0,3,190,2005,30,2,"os",1.9
"1603","os_107",13.5,2008,0,0,0,3,190,2005,30,3,"os",1.9
"1604","os_107",15,2009,70,0,1,4,260,2009,70,0,"os",2.6
"1605","os_107",16,2013,0,70,0,4,260,2009,0,4,"os",2.6
"1606","os_108",1,1987,0,0,0,0,0,1973,0,14,"os",0
"1607","os_108",3,1988,0,0,0,0,0,1973,0,15,"os",0
"1608","os_108",3.5,1989,0,0,0,0,0,1973,0,16,"os",0
"1609","os_108",4,1990,0,0,0,0,0,1973,0,17,"os",0
"1610","os_108",5,1992,70,0,1,1,70,1992,70,0,"os",0.7
"1611","os_108",6,1994,100,70,1,2,170,1994,170,0,"os",1.7
"1612","os_108",7,1996,0,100,0,2,170,1994,100,2,"os",1.7
"1613","os_108",7.5,1998,0,0,0,2,170,1994,0,4,"os",1.7
"1614","os_108",8,2001,0,0,0,2,170,1994,0,7,"os",1.7
"1615","os_108",9,2003,0,0,0,2,170,1994,0,9,"os",1.7
"1616","os_108",11,2005,0,0,0,2,170,1994,0,11,"os",1.7
"1617","os_108",13,2007,30,0,1,3,200,2007,30,0,"os",2
"1618","os_108",13.5,2008,0,30,0,3,200,2007,30,1,"os",2
"1619","os_108",15,2009,0,0,0,3,200,2007,30,2,"os",2
"1620","os_108",16,2013,0,0,0,3,200,2007,0,6,"os",2
